Date,sentiment,sentiment_z
2020-01-02,-0.8900752663612366,-1.1094317490265153
2020-01-03,0.0,0.5500101280231277
2020-01-04,-0.4960780739784241,-0.3748697797304569
2020-01-05,0.0,0.5500101280231277
2020-01-06,-0.8753347992897034,-1.0819498615162897
2020-01-07,0.0,0.5500101280231277
2020-01-08,0.0,0.5500101280231277
2020-01-09,0.0,0.5500101280231277
2020-01-10,-1.704677402973175,-2.6281627482084917
2020-01-11,0.0,0.5500101280231277
2020-01-12,0.0,0.5500101280231277
2020-01-13,0.0,0.5500101280231277
2020-01-14,0.0,0.5500101280231277
2020-01-15,0.0,0.5500101280231277
2020-01-16,0.0,0.5500101280231277
2020-01-17,-0.5384416580200195,-0.4538517580837395
2020-01-18,0.0,0.5500101280231277
2020-01-19,0.0,0.5500101280231277
2020-01-20,0.0,0.5500101280231277
2020-01-21,0.0,0.5500101280231277
2020-01-22,0.0,0.5500101280231277
2020-01-23,-1.2810158133506775,-1.8382949582730015
2020-01-24,0.0,0.5500101280231277
2020-01-25,0.0,0.5500101280231277
2020-01-26,0.0,0.5500101280231277
2020-01-27,-0.814468502998352,-0.9684717268190974
2020-01-28,0.0,0.5500101280231277
2020-01-29,-0.7415067553520203,-0.8324430289742203
2020-01-30,0.0,0.5500101280231277
2020-01-31,-0.8689305782318115,-1.0700099357426016
2020-02-01,0.0,0.5500101280231277
2020-02-02,0.0,0.5500101280231277
2020-02-03,0.0,0.5500101280231277
2020-02-04,0.0,0.5500101280231277
2020-02-05,0.0,0.5500101280231277
2020-02-06,0.0,0.5500101280231277
2020-02-07,0.0,0.5500101280231277
2020-02-08,-2.5916419625282288,-4.281805073988155
2020-02-09,0.0,0.5500101280231277
2020-02-10,0.0,0.5500101280231277
2020-02-11,0.0,0.5500101280231277
2020-02-12,0.0,0.5500101280231277
2020-02-13,-0.9196091294288635,-1.1644942038746646
2020-02-14,-0.6261711120605469,-0.6174131279898084
2020-02-15,0.0,0.5500101280231277
2020-02-16,-0.8367898464202881,-1.010087277128451
2020-02-17,0.0,0.5500101280231277
2020-02-18,-1.6348347067832947,-2.497949159264088
2020-02-19,0.0,0.5500101280231277
2020-02-20,0.0,0.5500101280231277
2020-02-21,-0.5656452178955078,-0.5045696334907969
2020-02-22,0.0,0.5500101280231277
2020-02-23,0.0,0.5500101280231277
2020-02-24,0.0,0.5500101280231277
2020-02-25,0.0,0.5500101280231277
2020-02-26,0.0,0.5500101280231277
2020-02-27,0.0,0.5500101280231277
2020-02-28,-1.7318439483642578,-2.6788116144117198
2020-02-29,0.0,0.5500101280231277
2020-03-01,-0.8962157368659973,-1.1208799425506937
2020-03-02,0.0,0.5500101280231277
2020-03-03,0.0,0.5500101280231277
2020-03-04,0.0,0.5500101280231277
2020-03-05,-0.8082981705665588,-0.9569678592029406
2020-03-06,-0.797950804233551,-0.9376763973916672
2020-03-07,0.0,0.5500101280231277
2020-03-08,0.0,0.5500101280231277
2020-03-09,-0.8886260986328125,-1.1067299442395482
2020-03-10,0.0,0.5500101280231277
2020-03-11,0.0,0.5500101280231277
2020-03-12,0.0,0.5500101280231277
2020-03-13,-0.9122186899185181,-1.1507155884285725
2020-03-14,-0.7369402050971985,-0.8239292268128786
2020-03-15,0.0,0.5500101280231277
2020-03-16,0.0,0.5500101280231277
2020-03-17,-0.5347776412963867,-0.4470206247861439
2020-03-18,0.0,0.5500101280231277
2020-03-19,0.0,0.5500101280231277
2020-03-20,0.0,0.5500101280231277
2020-03-21,0.0,0.5500101280231277
2020-03-22,0.0,0.5500101280231277
2020-03-23,-0.7499503493309021,-0.8481851285144564
2020-03-24,-1.6257280707359314,-2.4809708948552536
2020-03-25,0.0,0.5500101280231277
2020-03-26,0.0,0.5500101280231277
2020-03-27,0.0,0.5500101280231277
2020-03-28,0.0,0.5500101280231277
2020-03-29,0.0,0.5500101280231277
2020-03-30,0.0,0.5500101280231277
2020-03-31,0.0,0.5500101280231277
2020-04-01,-0.7005960941314697,-0.7561698563416266
2020-04-02,-0.5286383628845215,-0.4355746537806073
2020-04-03,0.0,0.5500101280231277
2020-04-04,-0.6174030900001526,-0.6010661700011924
2020-04-05,0.0,0.5500101280231277
2020-04-06,-1.7477604746818542,-2.7084861276880643
2020-04-07,-0.8054495453834534,-0.9516569286563716
2020-04-08,0.0,0.5500101280231277
2020-04-09,0.0,0.5500101280231277
2020-04-10,0.0,0.5500101280231277
2020-04-11,0.0,0.5500101280231277
2020-04-12,0.0,0.5500101280231277
2020-04-13,0.0,0.5500101280231277
2020-04-14,0.0,0.5500101280231277
2020-04-15,0.0,0.5500101280231277
2020-04-16,0.0,0.5500101280231277
2020-04-17,-0.7198846340179443,-0.7921310969742449
2020-04-18,-0.9631903767585754,-1.2457463738946666
2020-04-19,0.0,0.5500101280231277
2020-04-20,-0.8414551019668579,-1.0187851038333378
2020-04-21,0.0,0.5500101280231277
2020-04-22,0.0,0.5500101280231277
2020-04-23,0.0,0.5500101280231277
2020-04-24,0.0,0.5500101280231277
2020-04-25,0.0,0.5500101280231277
2020-04-26,-0.5429667830467224,-0.46228832772227674
2020-04-27,-1.6802461743354797,-2.582613562154925
2020-04-28,0.0,0.5500101280231277
2020-04-29,0.0,0.5500101280231277
2020-04-30,-0.9350700378417969,-1.193319270526093
2020-05-01,-0.9380345940589905,-1.1988463410105823
2020-05-02,0.0,0.5500101280231277
2020-05-03,0.0,0.5500101280231277
2020-05-04,0.0,0.5500101280231277
2020-05-05,0.0,0.5500101280231277
2020-05-06,-0.6143282651901245,-0.595333516542332
2020-05-07,0.0,0.5500101280231277
2020-05-08,0.0,0.5500101280231277
2020-05-09,-0.9618352651596069,-1.2432199258285417
2020-05-10,0.0,0.5500101280231277
2020-05-11,-0.9269207715988159,-1.1781259108385302
2020-05-12,0.0,0.5500101280231277
2020-05-13,-0.9148640632629395,-1.1556475795467056
2020-05-14,0.0,0.5500101280231277
2020-05-15,0.0,0.5500101280231277
2020-05-16,0.0,0.5500101280231277
2020-05-17,0.0,0.5500101280231277
2020-05-18,0.0,0.5500101280231277
2020-05-19,-0.910923182964325,-1.14830026629454
2020-05-20,-0.9142068028450012,-1.1544221938935206
2020-05-21,0.0,0.5500101280231277
2020-05-22,-0.9242296814918518,-1.173108686130482
2020-05-23,0.0,0.5500101280231277
2020-05-24,-0.597139835357666,-0.5632876870010639
2020-05-25,0.0,0.5500101280231277
2020-05-26,0.0,0.5500101280231277
2020-05-27,-0.9222739338874817,-1.16946242204666
2020-05-28,-0.942433774471283,-1.2070481015546077
2020-05-29,0.0,0.5500101280231277
2020-05-30,0.0,0.5500101280231277
2020-05-31,0.0,0.5500101280231277
2020-06-01,0.0,0.5500101280231277
2020-06-02,0.0,0.5500101280231277
2020-06-03,0.0,0.5500101280231277
2020-06-04,0.0,0.5500101280231277
2020-06-05,-1.553719937801361,-2.346720100797926
2020-06-06,0.0,0.5500101280231277
2020-06-07,-0.7136549949645996,-0.7805166590556559
2020-06-08,0.0,0.5500101280231277
2020-06-09,-0.7685617804527283,-0.8828839785585029
2020-06-10,0.0,0.5500101280231277
2020-06-11,0.0,0.5500101280231277
2020-06-12,-1.7403659224510193,-2.6946998445526575
2020-06-13,0.0,0.5500101280231277
2020-06-14,0.0,0.5500101280231277
2020-06-15,0.0,0.5500101280231277
2020-06-16,0.0,0.5500101280231277
2020-06-17,-2.4485926032066345,-4.015106170743905
2020-06-18,0.0,0.5500101280231277
2020-06-19,0.0,0.5500101280231277
2020-06-20,0.0,0.5500101280231277
2020-06-21,0.0,0.5500101280231277
2020-06-22,0.0,0.5500101280231277
2020-06-23,0.0,0.5500101280231277
2020-06-24,0.0,0.5500101280231277
2020-06-25,0.0,0.5500101280231277
2020-06-26,-1.7050798535346985,-2.628913070501981
2020-06-27,-0.968248188495636,-1.2551760759883153
2020-06-28,0.0,0.5500101280231277
2020-06-29,0.0,0.5500101280231277
2020-06-30,0.0,0.5500101280231277
2020-07-01,0.0,0.5500101280231277
2020-07-02,0.0,0.5500101280231277
2020-07-03,-0.8116072416305542,-0.9631372375749249
2020-07-04,0.0,0.5500101280231277
2020-07-05,0.0,0.5500101280231277
2020-07-06,0.0,0.5500101280231277
2020-07-07,-0.9252094030380249,-1.174935263076288
2020-07-08,0.0,0.5500101280231277
2020-07-09,-0.7527592182159424,-0.8534219380643195
2020-07-10,0.0,0.5500101280231277
2020-07-11,0.0,0.5500101280231277
2020-07-12,0.0,0.5500101280231277
2020-07-13,0.0,0.5500101280231277
2020-07-14,0.0,0.5500101280231277
2020-07-15,-1.940481185913086,-3.067791493063876
2020-07-16,-0.9342871904373169,-1.1918597425339892
2020-07-17,0.0,0.5500101280231277
2020-07-18,0.0,0.5500101280231277
2020-07-19,0.0,0.5500101280231277
2020-07-20,0.0,0.5500101280231277
2020-07-21,0.0,0.5500101280231277
2020-07-22,-0.559892475605011,-0.4938443141548807
2020-07-23,-0.8975575566291809,-1.1233816095339622
2020-07-24,-0.9075363278388977,-1.141985868581175
2020-07-25,0.0,0.5500101280231277
2020-07-26,0.0,0.5500101280231277
2020-07-27,-0.9547938704490662,-1.2300920638407837
2020-07-28,-0.9113339781761169,-1.149066146218522
2020-07-29,-0.4859875738620758,-0.3560572151235365
2020-07-30,0.0,0.5500101280231277
2020-07-31,0.0,0.5500101280231277
2020-08-01,0.0,0.5500101280231277
2020-08-02,0.0,0.5500101280231277
2020-08-03,0.0,0.5500101280231277
2020-08-04,0.0,0.5500101280231277
2020-08-05,-1.6020324230194092,-2.4367931139296415
2020-08-06,-0.9527950882911682,-1.2263655668339908
2020-08-07,0.0,0.5500101280231277
2020-08-08,0.0,0.5500101280231277
2020-08-09,0.0,0.5500101280231277
2020-08-10,0.0,0.5500101280231277
2020-08-11,0.0,0.5500101280231277
2020-08-12,0.0,0.5500101280231277
2020-08-13,-0.6250649690628052,-0.6153508529420342
2020-08-14,0.0,0.5500101280231277
2020-08-15,0.0,0.5500101280231277
2020-08-16,0.0,0.5500101280231277
2020-08-17,0.0,0.5500101280231277
2020-08-18,-1.79755437374115,-2.8013210647360087
2020-08-19,0.0,0.5500101280231277
2020-08-20,0.0,0.5500101280231277
2020-08-21,-0.8228048086166382,-0.9840137996815669
2020-08-22,0.0,0.5500101280231277
2020-08-23,0.0,0.5500101280231277
2020-08-24,0.0,0.5500101280231277
2020-08-25,-0.9058651328086853,-1.138870119697163
2020-08-26,0.0,0.5500101280231277
2020-08-27,-0.8739602565765381,-1.0793871863963027
2020-08-28,-0.6445403099060059,-0.6516603622458308
2020-08-29,-0.9305382966995239,-1.1848703659090936
2020-08-30,0.0,0.5500101280231277
2020-08-31,0.0,0.5500101280231277
2020-09-01,0.0,0.5500101280231277
2020-09-02,-0.9013382196426392,-1.130430216280663
2020-09-03,0.0,0.5500101280231277
2020-09-04,0.0,0.5500101280231277
2020-09-05,0.0,0.5500101280231277
2020-09-06,0.0,0.5500101280231277
2020-09-07,0.0,0.5500101280231277
2020-09-08,-1.8329213857650757,-2.867258747802467
2020-09-09,-0.9186877608299255,-1.1627764192163772
2020-09-10,0.0,0.5500101280231277
2020-09-11,0.0,0.5500101280231277
2020-09-12,0.0,0.5500101280231277
2020-09-13,0.0,0.5500101280231277
2020-09-14,0.0,0.5500101280231277
2020-09-15,0.0,0.5500101280231277
2020-09-16,-0.8771471381187439,-1.085328756607497
2020-09-17,0.0,0.5500101280231277
2020-09-18,-0.6273967027664185,-0.6196980994054962
2020-09-19,0.0,0.5500101280231277
2020-09-20,-0.5957129597663879,-0.5606274433126994
2020-09-21,0.0,0.5500101280231277
2020-09-22,-0.9182905554771423,-1.1620358760049123
2020-09-23,-0.7387914657592773,-0.8273806871377424
2020-09-24,-0.8058185577392578,-0.9523449093019568
2020-09-25,0.0,0.5500101280231277
2020-09-26,0.0,0.5500101280231277
2020-09-27,0.0,0.5500101280231277
2020-09-28,0.0,0.5500101280231277
2020-09-29,0.0,0.5500101280231277
2020-09-30,-0.6056162118911743,-0.579090905803951
2020-10-01,-0.6858566403388977,-0.7286898579722466
2020-10-02,0.0,0.5500101280231277
2020-10-03,0.0,0.5500101280231277
2020-10-04,0.0,0.5500101280231277
2020-10-05,-0.9245971441268921,-1.1737937775018328
2020-10-06,0.0,0.5500101280231277
2020-10-07,-0.9106792211532593,-1.147845427854485
2020-10-08,0.0,0.5500101280231277
2020-10-09,-0.9111676216125488,-1.1487559937420517
2020-10-10,0.0,0.5500101280231277
2020-10-11,-0.9718545079231262,-1.2618996393836452
2020-10-12,0.0,0.5500101280231277
2020-10-13,0.0,0.5500101280231277
2020-10-14,0.0,0.5500101280231277
2020-10-15,-0.9320668578147888,-1.187720190437608
2020-10-16,-0.909779965877533,-1.1461688709170041
2020-10-17,-0.9310999512672424,-1.1859175055672022
2020-10-18,0.0,0.5500101280231277
2020-10-19,0.0,0.5500101280231277
2020-10-20,0.0,0.5500101280231277
2020-10-21,0.0,0.5500101280231277
2020-10-22,0.0,0.5500101280231277
2020-10-23,0.0,0.5500101280231277
2020-10-24,0.0,0.5500101280231277
2020-10-25,-0.8942590951919556,-1.1172320115778904
2020-10-26,-0.9320668578147888,-1.187720190437608
2020-10-27,0.0,0.5500101280231277
2020-10-28,0.0,0.5500101280231277
2020-10-29,-0.5813137292861938,-0.533781751763704
2020-10-30,0.0,0.5500101280231277
2020-10-31,0.0,0.5500101280231277
2020-11-01,-1.6604511737823486,-2.5457080844773157
2020-11-02,0.0,0.5500101280231277
2020-11-03,-0.8036577701568604,-0.9483163720117364
2020-11-04,0.0,0.5500101280231277
2020-11-05,0.0,0.5500101280231277
2020-11-06,0.0,0.5500101280231277
2020-11-07,0.0,0.5500101280231277
2020-11-08,0.0,0.5500101280231277
2020-11-09,0.0,0.5500101280231277
2020-11-10,-0.8525007963180542,-1.039378517065008
2020-11-11,-1.6599239110946655,-2.5447250644820247
2020-11-12,0.0,0.5500101280231277
2020-11-13,0.0,0.5500101280231277
2020-11-14,0.0,0.5500101280231277
2020-11-15,0.0,0.5500101280231277
2020-11-16,0.0,0.5500101280231277
2020-11-17,0.0,0.5500101280231277
2020-11-18,-1.7615329027175903,-2.734163218935174
2020-11-19,0.0,0.5500101280231277
2020-11-20,0.0,0.5500101280231277
2020-11-21,-0.9582687616348267,-1.2365705945558496
2020-11-22,0.0,0.5500101280231277
2020-11-23,0.0,0.5500101280231277
2020-11-24,0.0,0.5500101280231277
2020-11-25,-0.734626293182373,-0.8196152070031123
2020-11-26,0.0,0.5500101280231277
2020-11-27,0.0,0.5500101280231277
2020-11-28,0.0,0.5500101280231277
2020-11-29,0.0,0.5500101280231277
2020-11-30,-1.125765323638916,-1.548848465603467
2020-12-01,0.0,0.5500101280231277
2020-12-02,0.0,0.5500101280231277
2020-12-03,-0.8988745212554932,-1.125836937003548
2020-12-04,0.0,0.5500101280231277
2020-12-05,0.0,0.5500101280231277
2020-12-06,0.0,0.5500101280231277
2020-12-07,-0.919898509979248,-1.165033720274974
2020-12-08,-0.9079459309577942,-1.1427495259865152
2020-12-09,0.0,0.5500101280231277
2020-12-10,0.0,0.5500101280231277
2020-12-11,-1.9041101336479187,-2.9999818936713183
2020-12-12,0.0,0.5500101280231277
2020-12-13,0.0,0.5500101280231277
2020-12-14,0.0,0.5500101280231277
2020-12-15,0.0,0.5500101280231277
2020-12-16,0.0,0.5500101280231277
2020-12-17,0.0,0.5500101280231277
2020-12-18,-0.9120399951934814,-1.1503824328841588
2020-12-19,0.0,0.5500101280231277
2020-12-20,0.0,0.5500101280231277
2020-12-21,-0.9349406361579895,-1.19307801612752
2020-12-22,-0.8686494827270508,-1.069485865846853
2020-12-23,0.0,0.5500101280231277
2020-12-24,0.0,0.5500101280231277
2020-12-25,0.0,0.5500101280231277
2020-12-26,0.0,0.5500101280231277
2020-12-27,-0.9270455241203308,-1.1783584974144001
2020-12-28,-0.8918328285217285,-1.1127085193861295
2020-12-29,-0.8153923153877258,-0.9701940676406005
2020-12-30,0.0,0.5500101280231277
2020-12-31,0.0,0.5500101280231277
2021-01-01,0.0,0.5500101280231277
2021-01-02,0.0,0.5500101280231277
2021-01-03,-0.7399387359619141,-0.8295196390786606
2021-01-04,-1.5807532668113708,-2.397120600542927
2021-01-05,0.0,0.5500101280231277
2021-01-06,0.0,0.5500101280231277
2021-01-07,0.0,0.5500101280231277
2021-01-08,0.0,0.5500101280231277
2021-01-09,0.0,0.5500101280231277
2021-01-10,0.0,0.5500101280231277
2021-01-11,0.0,0.5500101280231277
2021-01-12,-1.824915885925293,-2.8523334238631115
2021-01-13,0.0,0.5500101280231277
2021-01-14,-0.9394438862800598,-1.2014738025489795
2021-01-15,0.0,0.5500101280231277
2021-01-16,0.0,0.5500101280231277
2021-01-17,0.0,0.5500101280231277
2021-01-18,0.0,0.5500101280231277
2021-01-19,-1.922821044921875,-3.034866212896027
2021-01-20,0.0,0.5500101280231277
2021-01-21,0.0,0.5500101280231277
2021-01-22,0.0,0.5500101280231277
2021-01-23,-0.9285693168640137,-1.1811994318683472
2021-01-24,0.0,0.5500101280231277
2021-01-25,-0.7749812602996826,-0.8948523525708068
2021-01-26,0.0,0.5500101280231277
2021-01-27,0.0,0.5500101280231277
2021-01-28,0.0,0.5500101280231277
2021-01-29,-0.5822839736938477,-0.5355906596863071
2021-01-30,-0.5725278854370117,-0.5174015671213923
2021-01-31,0.0,0.5500101280231277
2021-02-01,0.0,0.5500101280231277
2021-02-02,-0.7812287211418152,-0.9065000171430915
2021-02-03,0.0,0.5500101280231277
2021-02-04,0.0,0.5500101280231277
2021-02-05,0.0,0.5500101280231277
2021-02-06,0.0,0.5500101280231277
2021-02-07,0.0,0.5500101280231277
2021-02-08,-1.6487340927124023,-2.523862948746555
2021-02-09,0.0,0.5500101280231277
2021-02-10,0.0,0.5500101280231277
2021-02-11,0.0,0.5500101280231277
2021-02-12,0.0,0.5500101280231277
2021-02-13,-0.5081132650375366,-0.3973079945607961
2021-02-14,0.0,0.5500101280231277
2021-02-15,0.0,0.5500101280231277
2021-02-16,-1.6168726682662964,-2.46446102625019
2021-02-17,0.0,0.5500101280231277
2021-02-18,-0.6733911037445068,-0.7054493139121989
2021-02-19,-0.855332612991333,-1.0446581100987269
2021-02-20,0.0,0.5500101280231277
2021-02-21,0.0,0.5500101280231277
2021-02-22,-0.7913237810134888,-0.9253210828838169
2021-02-23,0.0,0.5500101280231277
2021-02-24,0.0,0.5500101280231277
2021-02-25,0.0,0.5500101280231277
2021-02-26,0.0,0.5500101280231277
2021-02-27,0.0,0.5500101280231277
2021-02-28,0.0,0.5500101280231277
2021-03-01,0.0,0.5500101280231277
2021-03-02,0.0,0.5500101280231277
2021-03-03,-0.9006890654563904,-1.1292199437542425
2021-03-04,-1.8547691702842712,-2.907991402581345
2021-03-05,0.0,0.5500101280231277
2021-03-06,0.0,0.5500101280231277
2021-03-07,0.0,0.5500101280231277
2021-03-08,0.0,0.5500101280231277
2021-03-09,0.0,0.5500101280231277
2021-03-10,-0.929389476776123,-1.1827285246939412
2021-03-11,-0.9603415131568909,-1.2404349988443693
2021-03-12,-0.9603415131568909,-1.2404349988443693
2021-03-13,0.0,0.5500101280231277
2021-03-14,0.0,0.5500101280231277
2021-03-15,-0.9229480028152466,-1.170719145212695
2021-03-16,0.0,0.5500101280231277
2021-03-17,0.0,0.5500101280231277
2021-03-18,0.0,0.5500101280231277
2021-03-19,-1.5628429055213928,-2.3637288137121533
2021-03-20,0.0,0.5500101280231277
2021-03-21,0.0,0.5500101280231277
2021-03-22,0.0,0.5500101280231277
2021-03-23,-0.7385192513465881,-0.8268731750058755
2021-03-24,-0.928354024887085,-1.1807980450016287
2021-03-25,0.0,0.5500101280231277
2021-03-26,-0.9320668578147888,-1.187720190437608
2021-03-27,0.0,0.5500101280231277
2021-03-28,0.0,0.5500101280231277
2021-03-29,0.0,0.5500101280231277
2021-03-30,0.0,0.5500101280231277
2021-03-31,-1.7299004197120667,-2.675188131143977
2021-04-01,-0.7999164462089539,-0.9413411083802167
2021-04-02,0.0,0.5500101280231277
2021-04-03,0.0,0.5500101280231277
2021-04-04,0.0,0.5500101280231277
2021-04-05,0.0,0.5500101280231277
2021-04-06,0.0,0.5500101280231277
2021-04-07,-0.6172631978988647,-0.6008053574385711
2021-04-08,0.0,0.5500101280231277
2021-04-09,0.0,0.5500101280231277
2021-04-10,-1.2211569547653198,-1.7266950740800382
2021-04-11,0.0,0.5500101280231277
2021-04-12,0.0,0.5500101280231277
2021-04-13,0.0,0.5500101280231277
2021-04-14,0.0,0.5500101280231277
2021-04-15,-1.8064043521881104,-2.817820820881252
2021-04-16,-0.9320668578147888,-1.187720190437608
2021-04-17,0.0,0.5500101280231277
2021-04-18,0.0,0.5500101280231277
2021-04-19,0.0,0.5500101280231277
2021-04-20,0.0,0.5500101280231277
2021-04-21,0.0,0.5500101280231277
2021-04-22,0.0,0.5500101280231277
2021-04-23,0.0,0.5500101280231277
2021-04-24,0.0,0.5500101280231277
2021-04-25,0.0,0.5500101280231277
2021-04-26,-1.3424318432807922,-1.9527980074418838
2021-04-27,-0.5698185563087463,-0.5123503378781237
2021-04-28,0.0,0.5500101280231277
2021-04-29,0.0,0.5500101280231277
2021-04-30,0.0,0.5500101280231277
2021-05-01,0.0,0.5500101280231277
2021-05-02,0.0,0.5500101280231277
2021-05-03,0.0,0.5500101280231277
2021-05-04,-0.910855233669281,-1.1481735827319544
2021-05-05,-0.8907403945922852,-1.1106718033027365
2021-05-06,0.0,0.5500101280231277
2021-05-07,-0.922141432762146,-1.1692153890996182
2021-05-08,0.0,0.5500101280231277
2021-05-09,0.0,0.5500101280231277
2021-05-10,0.0,0.5500101280231277
2021-05-11,-1.4780051708221436,-2.2055587184015564
2021-05-12,0.0,0.5500101280231277
2021-05-13,0.0,0.5500101280231277
2021-05-14,-0.8714392781257629,-1.0746871150984465
2021-05-15,0.0,0.5500101280231277
2021-05-16,0.0,0.5500101280231277
2021-05-17,-0.4688853919506073,-0.32417218480600635
2021-05-18,-0.9090557098388672,-1.1448185797161472
2021-05-19,0.0,0.5500101280231277
2021-05-20,0.0,0.5500101280231277
2021-05-21,0.0,0.5500101280231277
2021-05-22,-0.7510431408882141,-0.8502225113534418
2021-05-23,0.0,0.5500101280231277
2021-05-24,0.0,0.5500101280231277
2021-05-25,0.0,0.5500101280231277
2021-05-26,0.0,0.5500101280231277
2021-05-27,-0.900340735912323,-1.1285705238070936
2021-05-28,-1.8350397944450378,-2.8712082745549696
2021-05-29,0.0,0.5500101280231277
2021-05-30,0.0,0.5500101280231277
2021-05-31,0.0,0.5500101280231277
2021-06-01,0.0,0.5500101280231277
2021-06-02,0.0,0.5500101280231277
2021-06-03,0.0,0.5500101280231277
2021-06-04,-0.5153647661209106,-0.41082757545918036
2021-06-05,0.0,0.5500101280231277
2021-06-06,0.0,0.5500101280231277
2021-06-07,-0.9285979270935059,-1.1812527723157515
2021-06-08,-0.8636597394943237,-1.060183069567654
2021-06-09,0.0,0.5500101280231277
2021-06-10,0.0,0.5500101280231277
2021-06-11,-1.622032344341278,-2.474080642561785
2021-06-12,0.0,0.5500101280231277
2021-06-13,0.0,0.5500101280231277
2021-06-14,0.0,0.5500101280231277
2021-06-15,-0.42853838205337524,-0.24894987455024623
2021-06-16,0.0,0.5500101280231277
2021-06-17,0.0,0.5500101280231277
2021-06-18,0.0,0.5500101280231277
2021-06-19,0.0,0.5500101280231277
2021-06-20,0.0,0.5500101280231277
2021-06-21,-1.6047946214675903,-2.4419429118746763
2021-06-22,0.0,0.5500101280231277
2021-06-23,0.0,0.5500101280231277
2021-06-24,0.0,0.5500101280231277
2021-06-25,0.0,0.5500101280231277
2021-06-26,0.0,0.5500101280231277
2021-06-27,0.0,0.5500101280231277
2021-06-28,0.0,0.5500101280231277
2021-06-29,-0.4108532667160034,-0.21597803261685058
2021-06-30,0.0,0.5500101280231277
2021-07-01,0.0,0.5500101280231277
2021-07-02,-1.1867957711219788,-1.6626326411176422
2021-07-03,0.0,0.5500101280231277
2021-07-04,0.0,0.5500101280231277
2021-07-05,-1.6633020639419556,-2.5510232378093045
2021-07-06,0.0,0.5500101280231277
2021-07-07,0.0,0.5500101280231277
2021-07-08,0.0,0.5500101280231277
2021-07-09,0.0,0.5500101280231277
2021-07-10,-0.7383657693862915,-0.8265870257307371
2021-07-11,0.0,0.5500101280231277
2021-07-12,0.0,0.5500101280231277
2021-07-13,0.0,0.5500101280231277
2021-07-14,0.0,0.5500101280231277
2021-07-15,-0.5886884331703186,-0.5475310299637237
2021-07-16,-1.4793139696121216,-2.207998821618445
2021-07-17,0.0,0.5500101280231277
2021-07-18,0.0,0.5500101280231277
2021-07-19,0.0,0.5500101280231277
2021-07-20,-0.5100283026695251,-0.40087835963299884
2021-07-21,0.0,0.5500101280231277
2021-07-22,0.0,0.5500101280231277
2021-07-23,-0.957778811454773,-1.2356571393940485
2021-07-24,0.0,0.5500101280231277
2021-07-25,0.0,0.5500101280231277
2021-07-26,0.0,0.5500101280231277
2021-07-27,-0.6093300580978394,-0.586014940380776
2021-07-28,0.0,0.5500101280231277
2021-07-29,-0.8850318789482117,-1.100028939408433
2021-07-30,0.0,0.5500101280231277
2021-07-31,0.0,0.5500101280231277
2021-08-01,-0.8485671281814575,-1.0320446500506255
2021-08-02,-0.7833630442619324,-0.9104792145194629
2021-08-03,0.0,0.5500101280231277
2021-08-04,0.0,0.5500101280231277
2021-08-05,0.0,0.5500101280231277
2021-08-06,-0.9320668578147888,-1.187720190437608
2021-08-07,0.0,0.5500101280231277
2021-08-08,0.0,0.5500101280231277
2021-08-09,0.0,0.5500101280231277
2021-08-10,0.0,0.5500101280231277
2021-08-11,-0.8300041556358337,-0.9974361453893702
2021-08-12,-0.8300041556358337,-0.9974361453893702
2021-08-13,-0.9883599281311035,-1.2926720768690645
2021-08-14,0.0,0.5500101280231277
2021-08-15,0.0,0.5500101280231277
2021-08-16,0.0,0.5500101280231277
2021-08-17,-0.48903152346611023,-0.3617323053495729
2021-08-18,0.0,0.5500101280231277
2021-08-19,0.0,0.5500101280231277
2021-08-20,0.0,0.5500101280231277
2021-08-21,0.0,0.5500101280231277
2021-08-22,0.0,0.5500101280231277
2021-08-23,0.0,0.5500101280231277
2021-08-24,0.0,0.5500101280231277
2021-08-25,-0.767645001411438,-0.8811747505969868
2021-08-26,0.0,0.5500101280231277
2021-08-27,-1.0265186727046967,-1.3638146207799093
2021-08-28,0.0,0.5500101280231277
2021-08-29,-0.496270090341568,-0.3752277719206931
2021-08-30,0.0,0.5500101280231277
2021-08-31,0.0,0.5500101280231277
2021-09-01,-1.8254365921020508,-2.8533042200058722
2021-09-02,0.0,0.5500101280231277
2021-09-03,0.0,0.5500101280231277
2021-09-04,0.0,0.5500101280231277
2021-09-05,0.0,0.5500101280231277
2021-09-06,0.0,0.5500101280231277
2021-09-07,-0.6419206857681274,-0.6467763775303614
2021-09-08,-0.8235776424407959,-0.9854546585170794
2021-09-09,-0.5596292018890381,-0.4933534709128278
2021-09-10,0.0,0.5500101280231277
2021-09-11,0.0,0.5500101280231277
2021-09-12,0.0,0.5500101280231277
2021-09-13,0.0,0.5500101280231277
2021-09-14,0.0,0.5500101280231277
2021-09-15,0.0,0.5500101280231277
2021-09-16,-0.8307453393936157,-0.9988179963549415
2021-09-17,-0.9180086851119995,-1.1615103614720463
2021-09-18,0.0,0.5500101280231277
2021-09-19,-0.9222111701965332,-1.1693454064401665
2021-09-20,0.0,0.5500101280231277
2021-09-21,0.0,0.5500101280231277
2021-09-22,-0.8588710427284241,-1.0512551010574034
2021-09-23,0.0,0.5500101280231277
2021-09-24,0.0,0.5500101280231277
2021-09-25,0.0,0.5500101280231277
2021-09-26,0.0,0.5500101280231277
2021-09-27,0.0,0.5500101280231277
2021-09-28,-1.1406662464141846,-1.5766295041228857
2021-09-29,0.0,0.5500101280231277
2021-09-30,0.0,0.5500101280231277
2021-10-01,0.0,0.5500101280231277
2021-10-02,-0.5682724118232727,-0.509467731199642
2021-10-03,0.0,0.5500101280231277
2021-10-04,-1.8021906614303589,-2.809964884237899
2021-10-05,0.0,0.5500101280231277
2021-10-06,0.0,0.5500101280231277
2021-10-07,0.0,0.5500101280231277
2021-10-08,0.0,0.5500101280231277
2021-10-09,0.0,0.5500101280231277
2021-10-10,0.0,0.5500101280231277
2021-10-11,0.0,0.5500101280231277
2021-10-12,-0.956170380115509,-1.23265840611653
2021-10-13,-1.7327309846878052,-2.6804653905331217
2021-10-14,0.0,0.5500101280231277
2021-10-15,0.0,0.5500101280231277
2021-10-16,0.0,0.5500101280231277
2021-10-17,0.0,0.5500101280231277
2021-10-18,0.0,0.5500101280231277
2021-10-19,0.0,0.5500101280231277
2021-10-20,0.0,0.5500101280231277
2021-10-21,0.0,0.5500101280231277
2021-10-22,-1.9605493545532227,-3.1052062608882656
2021-10-23,0.0,0.5500101280231277
2021-10-24,-2.0054031014442444,-3.1888308584325125
2021-10-25,0.0,0.5500101280231277
2021-10-26,0.0,0.5500101280231277
2021-10-27,0.0,0.5500101280231277
2021-10-28,0.0,0.5500101280231277
2021-10-29,0.0,0.5500101280231277
2021-10-30,0.0,0.5500101280231277
2021-10-31,0.0,0.5500101280231277
2021-11-01,-2.2753655910491943,-3.692144541458974
2021-11-02,0.0,0.5500101280231277
2021-11-03,0.0,0.5500101280231277
2021-11-04,0.0,0.5500101280231277
2021-11-05,0.0,0.5500101280231277
2021-11-06,0.0,0.5500101280231277
2021-11-07,0.0,0.5500101280231277
2021-11-08,0.0,0.5500101280231277
2021-11-09,-0.8818190693855286,-1.0940390294167783
2021-11-10,0.0,0.5500101280231277
2021-11-11,-0.8288176655769348,-0.9952240725851351
2021-11-12,0.0,0.5500101280231277
2021-11-13,-0.6248924732208252,-0.6150292544945583
2021-11-14,0.0,0.5500101280231277
2021-11-15,0.0,0.5500101280231277
2021-11-16,0.0,0.5500101280231277
2021-11-17,0.0,0.5500101280231277
2021-11-18,-0.7700032591819763,-0.88557144810023
2021-11-19,0.0,0.5500101280231277
2021-11-20,0.0,0.5500101280231277
2021-11-21,-0.6269797682762146,-0.6189207735105086
2021-11-22,-0.7700032591819763,-0.88557144810023
2021-11-23,0.0,0.5500101280231277
2021-11-24,0.0,0.5500101280231277
2021-11-25,0.0,0.5500101280231277
2021-11-26,-0.8087279796600342,-0.9577691882992603
2021-11-27,0.0,0.5500101280231277
2021-11-28,0.0,0.5500101280231277
2021-11-29,-1.6164957284927368,-2.4637582658556365
2021-11-30,0.0,0.5500101280231277
2021-12-01,0.0,0.5500101280231277
2021-12-02,0.0,0.5500101280231277
2021-12-03,0.0,0.5500101280231277
2021-12-04,0.0,0.5500101280231277
2021-12-05,0.0,0.5500101280231277
2021-12-06,0.0,0.5500101280231277
2021-12-07,-1.8935065269470215,-2.9802127014779787
2021-12-08,0.0,0.5500101280231277
2021-12-09,-0.7686727643013,-0.8830908950440594
2021-12-10,0.0,0.5500101280231277
2021-12-11,0.0,0.5500101280231277
2021-12-12,0.0,0.5500101280231277
2021-12-13,-1.7345077991485596,-2.6837780545688017
2021-12-14,0.0,0.5500101280231277
2021-12-15,0.0,0.5500101280231277
2021-12-16,0.0,0.5500101280231277
2021-12-17,0.0,0.5500101280231277
2021-12-18,0.0,0.5500101280231277
2021-12-19,0.0,0.5500101280231277
2021-12-20,0.0,0.5500101280231277
2021-12-21,0.0,0.5500101280231277
2021-12-22,-2.17415988445282,-3.5034582650623634
2021-12-23,0.0,0.5500101280231277
2021-12-24,0.0,0.5500101280231277
2021-12-25,0.0,0.5500101280231277
2021-12-26,0.0,0.5500101280231277
2021-12-27,-0.7634332776069641,-0.8733224811093924
2021-12-28,0.0,0.5500101280231277
2021-12-29,-0.9233675599098206,-1.1715013606486948
2021-12-30,-0.8612291812896729,-1.0556515763087824
2021-12-31,0.0,0.5500101280231277
2022-01-01,0.0,0.5500101280231277
2022-01-02,0.0,0.5500101280231277
2022-01-03,0.0,0.5500101280231277
2022-01-04,0.0,0.5500101280231277
2022-01-05,0.0,0.5500101280231277
2022-01-06,0.0,0.5500101280231277
2022-01-07,0.0,0.5500101280231277
2022-01-08,0.0,0.5500101280231277
2022-01-09,0.0,0.5500101280231277
2022-01-10,-2.422346591949463,-3.9661735334359145
2022-01-11,0.0,0.5500101280231277
2022-01-12,0.0,0.5500101280231277
2022-01-13,-2.4624199271202087,-4.040885608974471
2022-01-14,0.0,0.5500101280231277
2022-01-15,0.0,0.5500101280231277
2022-01-16,0.0,0.5500101280231277
2022-01-17,0.0,0.5500101280231277
2022-01-18,0.0,0.5500101280231277
2022-01-19,0.0,0.5500101280231277
2022-01-20,0.0,0.5500101280231277
2022-01-21,0.0,0.5500101280231277
2022-01-22,0.0,0.5500101280231277
2022-01-23,0.0,0.5500101280231277
2022-01-24,-1.1102735996246338,-1.5199659468451465
2022-01-25,-0.9037913680076599,-1.1350038262677975
2022-01-26,0.0,0.5500101280231277
2022-01-27,0.0,0.5500101280231277
2022-01-28,-1.7514317035675049,-2.7153307072234427
2022-01-29,0.0,0.5500101280231277
2022-01-30,0.0,0.5500101280231277
2022-01-31,0.0,0.5500101280231277
2022-02-01,0.0,0.5500101280231277
2022-02-02,0.0,0.5500101280231277
2022-02-03,-0.8706842064857483,-1.0732793717906977
2022-02-04,0.0,0.5500101280231277
2022-02-05,0.0,0.5500101280231277
2022-02-06,0.0,0.5500101280231277
2022-02-07,-0.919018030166626,-1.1633921680061023
2022-02-08,0.0,0.5500101280231277
2022-02-09,-0.9338340759277344,-1.1910149631982212
2022-02-10,-0.7886821031570435,-0.9203959815734734
2022-02-11,0.0,0.5500101280231277
2022-02-12,0.0,0.5500101280231277
2022-02-13,0.0,0.5500101280231277
2022-02-14,-1.7938979268074036,-2.794504044431789
2022-02-15,0.0,0.5500101280231277
2022-02-16,0.0,0.5500101280231277
2022-02-17,0.0,0.5500101280231277
2022-02-18,0.0,0.5500101280231277
2022-02-19,-0.9344613552093506,-1.1921844525075636
2022-02-20,0.0,0.5500101280231277
2022-02-21,0.0,0.5500101280231277
2022-02-22,-0.5100605487823486,-0.4009384787622609
2022-02-23,-0.8245794773101807,-0.9873224631836917
2022-02-24,0.0,0.5500101280231277
2022-02-25,0.0,0.5500101280231277
2022-02-26,0.0,0.5500101280231277
2022-02-27,-0.7628673315048218,-0.8722673403841733
2022-02-28,0.0,0.5500101280231277
2022-03-01,-2.496508300304413,-4.10443941854568
2022-03-02,0.0,0.5500101280231277
2022-03-03,0.0,0.5500101280231277
2022-03-04,0.0,0.5500101280231277
2022-03-05,0.0,0.5500101280231277
2022-03-06,0.0,0.5500101280231277
2022-03-07,0.0,0.5500101280231277
2022-03-08,0.0,0.5500101280231277
2022-03-09,0.0,0.5500101280231277
2022-03-10,0.0,0.5500101280231277
2022-03-11,-2.2349992096424103,-3.6168861152752836
2022-03-12,0.0,0.5500101280231277
2022-03-13,0.0,0.5500101280231277
2022-03-14,0.0,0.5500101280231277
2022-03-15,0.0,0.5500101280231277
2022-03-16,0.0,0.5500101280231277
2022-03-17,0.0,0.5500101280231277
2022-03-18,-0.8576533794403076,-1.0489849093906838
2022-03-19,-0.7217865586280823,-0.7956770143413874
2022-03-20,0.0,0.5500101280231277
2022-03-21,0.0,0.5500101280231277
2022-03-22,0.0,0.5500101280231277
2022-03-23,-0.9194895625114441,-1.1642712852548869
2022-03-24,0.0,0.5500101280231277
2022-03-25,0.0,0.5500101280231277
2022-03-26,0.0,0.5500101280231277
2022-03-27,0.0,0.5500101280231277
2022-03-28,0.0,0.5500101280231277
2022-03-29,0.0,0.5500101280231277
2022-03-30,-0.7767223715782166,-0.8980984521731634
2022-03-31,-0.966245710849762,-1.2514426891737327
2022-04-01,-0.6105532050132751,-0.588295355633248
2022-04-02,0.0,0.5500101280231277
2022-04-03,0.0,0.5500101280231277
2022-04-04,0.0,0.5500101280231277
2022-04-05,0.0,0.5500101280231277
2022-04-06,-1.800929069519043,-2.807612792759227
2022-04-07,-0.6807474493980408,-0.7191643653251341
2022-04-08,0.0,0.5500101280231277
2022-04-09,0.0,0.5500101280231277
2022-04-10,0.0,0.5500101280231277
2022-04-11,0.0,0.5500101280231277
2022-04-12,-2.6035457849502563,-4.303998367264161
2022-04-13,0.0,0.5500101280231277
2022-04-14,0.0,0.5500101280231277
2022-04-15,0.0,0.5500101280231277
2022-04-16,0.0,0.5500101280231277
2022-04-17,0.0,0.5500101280231277
2022-04-18,0.0,0.5500101280231277
2022-04-19,0.0,0.5500101280231277
2022-04-20,0.0,0.5500101280231277
2022-04-21,0.0,0.5500101280231277
2022-04-22,-0.880245566368103,-1.091105415935466
2022-04-23,0.0,0.5500101280231277
2022-04-24,-1.6248076558113098,-2.47925488821188
2022-04-25,0.0,0.5500101280231277
2022-04-26,-1.8213980197906494,-2.845774771351007
2022-04-27,-0.9106990098953247,-1.1478823216639398
2022-04-28,0.0,0.5500101280231277
2022-04-29,0.0,0.5500101280231277
2022-04-30,0.0,0.5500101280231277
2022-05-01,0.0,0.5500101280231277
2022-05-02,0.0,0.5500101280231277
2022-05-03,0.0,0.5500101280231277
2022-05-04,0.0,0.5500101280231277
2022-05-05,-0.7902028560638428,-0.9232312486048837
2022-05-06,0.0,0.5500101280231277
2022-05-07,-0.9180875420570374,-1.1616573810802049
2022-05-08,0.0,0.5500101280231277
2022-05-09,-0.7060834765434265,-0.7664004430278665
2022-05-10,0.0,0.5500101280231277
2022-05-11,0.0,0.5500101280231277
2022-05-12,0.0,0.5500101280231277
2022-05-13,0.0,0.5500101280231277
2022-05-14,0.0,0.5500101280231277
2022-05-15,0.0,0.5500101280231277
2022-05-16,-1.3206178545951843,-1.9121283610665025
2022-05-17,-0.7448660731315613,-0.8387060865069585
2022-05-18,0.0,0.5500101280231277
2022-05-19,0.0,0.5500101280231277
2022-05-20,0.0,0.5500101280231277
2022-05-21,0.0,0.5500101280231277
2022-05-22,0.0,0.5500101280231277
2022-05-23,0.0,0.5500101280231277
2022-05-24,-0.6751968860626221,-0.708815985150876
2022-05-25,-1.5892011523246765,-2.4128707011502737
2022-05-26,0.0,0.5500101280231277
2022-05-27,0.0,0.5500101280231277
2022-05-28,0.0,0.5500101280231277
2022-05-29,0.0,0.5500101280231277
2022-05-30,0.0,0.5500101280231277
2022-05-31,-2.8672672510147095,-4.795676387319004
2022-06-01,0.0,0.5500101280231277
2022-06-02,0.0,0.5500101280231277
2022-06-03,0.0,0.5500101280231277
2022-06-04,0.0,0.5500101280231277
2022-06-05,-0.925453245639801,-1.1753898792644786
2022-06-06,-0.7282316088676453,-0.8076930613785589
2022-06-07,0.0,0.5500101280231277
2022-06-08,0.0,0.5500101280231277
2022-06-09,0.0,0.5500101280231277
2022-06-10,-0.9361507296562195,-1.195334094800864
2022-06-11,0.0,0.5500101280231277
2022-06-12,0.0,0.5500101280231277
2022-06-13,-0.6436301469802856,-0.6499634692627769
2022-06-14,-0.6049714684486389,-0.5778888565965054
2022-06-15,-0.7039557099342346,-0.7624334695040252
2022-06-16,0.0,0.5500101280231277
2022-06-17,0.0,0.5500101280231277
2022-06-18,0.0,0.5500101280231277
2022-06-19,0.0,0.5500101280231277
2022-06-20,0.0,0.5500101280231277
2022-06-21,0.0,0.5500101280231277
2022-06-22,-0.7821055054664612,-0.9081346796041734
2022-06-23,0.0,0.5500101280231277
2022-06-24,0.0,0.5500101280231277
2022-06-25,0.0,0.5500101280231277
2022-06-26,-1.4297768473625183,-2.1156426150859557
2022-06-27,0.0,0.5500101280231277
2022-06-28,0.0,0.5500101280231277
2022-06-29,0.0,0.5500101280231277
2022-06-30,0.0,0.5500101280231277
2022-07-01,-2.3457586765289307,-3.8233842672603204
2022-07-02,0.0,0.5500101280231277
2022-07-03,0.0,0.5500101280231277
2022-07-04,0.0,0.5500101280231277
2022-07-05,0.0,0.5500101280231277
2022-07-06,0.0,0.5500101280231277
2022-07-07,-0.9075167775154114,-1.1419494192754485
2022-07-08,0.0,0.5500101280231277
2022-07-09,0.0,0.5500101280231277
2022-07-10,0.0,0.5500101280231277
2022-07-11,0.0,0.5500101280231277
2022-07-12,-0.9181922674179077,-1.1618526293428917
2022-07-13,-0.8798621892929077,-1.0903906539402466
2022-07-14,0.0,0.5500101280231277
2022-07-15,-0.6287892460823059,-0.6222943345569754
2022-07-16,0.0,0.5500101280231277
2022-07-17,0.0,0.5500101280231277
2022-07-18,0.0,0.5500101280231277
2022-07-19,-0.8884955644607544,-1.1064865784482654
2022-07-20,-0.6217997670173645,-0.60926326325607
2022-07-21,0.0,0.5500101280231277
2022-07-22,0.0,0.5500101280231277
2022-07-23,0.0,0.5500101280231277
2022-07-24,0.0,0.5500101280231277
2022-07-25,0.0,0.5500101280231277
2022-07-26,-1.7111324071884155,-2.640197353276323
2022-07-27,0.0,0.5500101280231277
2022-07-28,0.0,0.5500101280231277
2022-07-29,-0.8356783986091614,-1.0080151118727205
2022-07-30,0.0,0.5500101280231277
2022-07-31,0.0,0.5500101280231277
2022-08-01,-1.823409080505371,-2.849524160299811
2022-08-02,-0.5318135023117065,-0.44149433218317946
2022-08-03,0.0,0.5500101280231277
2022-08-04,0.0,0.5500101280231277
2022-08-05,0.0,0.5500101280231277
2022-08-06,0.0,0.5500101280231277
2022-08-07,0.0,0.5500101280231277
2022-08-08,-0.4111086428165436,-0.21645415167290127
2022-08-09,-0.9450417160987854,-1.211910305587387
2022-08-10,-0.9087226986885071,-1.1441977191335457
2022-08-11,0.0,0.5500101280231277
2022-08-12,0.0,0.5500101280231277
2022-08-13,0.0,0.5500101280231277
2022-08-14,0.0,0.5500101280231277
2022-08-15,0.0,0.5500101280231277
2022-08-16,0.0,0.5500101280231277
2022-08-17,0.0,0.5500101280231277
2022-08-18,-0.6933416724205017,-0.7426448302725697
2022-08-19,-0.9315957427024841,-1.1868418510703482
2022-08-20,0.0,0.5500101280231277
2022-08-21,-0.9305530190467834,-1.1848978140143205
2022-08-22,0.0,0.5500101280231277
2022-08-23,0.0,0.5500101280231277
2022-08-24,0.0,0.5500101280231277
2022-08-25,-0.9498637914657593,-1.2209005046196095
2022-08-26,-0.9672307968139648,-1.253279267453427
2022-08-27,0.0,0.5500101280231277
2022-08-28,0.0,0.5500101280231277
2022-08-29,0.0,0.5500101280231277
2022-08-30,-0.9200728535652161,-1.165358763626345
2022-08-31,0.0,0.5500101280231277
2022-09-01,0.0,0.5500101280231277
2022-09-02,0.0,0.5500101280231277
2022-09-03,0.0,0.5500101280231277
2022-09-04,0.0,0.5500101280231277
2022-09-05,0.0,0.5500101280231277
2022-09-06,0.0,0.5500101280231277
2022-09-07,-2.6105344891548157,-4.317027993927949
2022-09-08,0.0,0.5500101280231277
2022-09-09,-2.358470141887665,-3.847083316916182
2022-09-10,0.0,0.5500101280231277
2022-09-11,0.0,0.5500101280231277
2022-09-12,0.0,0.5500101280231277
2022-09-13,0.0,0.5500101280231277
2022-09-14,0.0,0.5500101280231277
2022-09-15,0.0,0.5500101280231277
2022-09-16,0.0,0.5500101280231277
2022-09-17,0.0,0.5500101280231277
2022-09-18,-0.9504765868186951,-1.2220429903274534
2022-09-19,0.0,0.5500101280231277
2022-09-20,-0.9501082301139832,-1.2213562320671212
2022-09-21,-0.9501082301139832,-1.2213562320671212
2022-09-22,0.0,0.5500101280231277
2022-09-23,0.0,0.5500101280231277
2022-09-24,0.0,0.5500101280231277
2022-09-25,0.0,0.5500101280231277
2022-09-26,0.0,0.5500101280231277
2022-09-27,-1.7295678853988647,-2.674568159568832
2022-09-28,0.0,0.5500101280231277
2022-09-29,0.0,0.5500101280231277
2022-09-30,0.0,0.5500101280231277
2022-10-01,0.0,0.5500101280231277
2022-10-02,0.0,0.5500101280231277
2022-10-03,-1.7062809467315674,-2.6311523691595786
2022-10-04,-0.8971282243728638,-1.1225811694450991
2022-10-05,0.0,0.5500101280231277
2022-10-06,0.0,0.5500101280231277
2022-10-07,0.0,0.5500101280231277
2022-10-08,0.0,0.5500101280231277
2022-10-09,0.0,0.5500101280231277
2022-10-10,0.0,0.5500101280231277
2022-10-11,-0.8609037399291992,-1.0550448287195568
2022-10-12,0.0,0.5500101280231277
2022-10-13,0.0,0.5500101280231277
2022-10-14,-0.7459924817085266,-0.8408061443716442
2022-10-15,0.0,0.5500101280231277
2022-10-16,0.0,0.5500101280231277
2022-10-17,-0.7511259913444519,-0.8503769763990505
2022-10-18,0.0,0.5500101280231277
2022-10-19,0.0,0.5500101280231277
2022-10-20,0.0,0.5500101280231277
2022-10-21,0.0,0.5500101280231277
2022-10-22,0.0,0.5500101280231277
2022-10-23,0.0,0.5500101280231277
2022-10-24,-1.6286267042160034,-2.4863750600588483
2022-10-25,-0.8143133521080017,-0.9681824660178605
2022-10-26,0.0,0.5500101280231277
2022-10-27,0.0,0.5500101280231277
2022-10-28,0.0,0.5500101280231277
2022-10-29,0.0,0.5500101280231277
2022-10-30,0.0,0.5500101280231277
2022-10-31,-0.7334902286529541,-0.8174971467374276
2022-11-01,-1.4669804573059082,-2.185004421497983
2022-11-02,0.0,0.5500101280231277
2022-11-03,0.0,0.5500101280231277
2022-11-04,0.0,0.5500101280231277
2022-11-05,0.0,0.5500101280231277
2022-11-06,-0.9331068396568298,-1.1896591157007597
2022-11-07,-1.6138607263565063,-2.4588456106496874
2022-11-08,0.0,0.5500101280231277
2022-11-09,0.0,0.5500101280231277
2022-11-10,0.0,0.5500101280231277
2022-11-11,0.0,0.5500101280231277
2022-11-12,0.0,0.5500101280231277
2022-11-13,0.0,0.5500101280231277
2022-11-14,0.0,0.5500101280231277
2022-11-15,0.0,0.5500101280231277
2022-11-16,-0.8329862356185913,-1.0029958868978945
2022-11-17,-0.8920406103134155,-1.1130959043854043
2022-11-18,-0.918454647064209,-1.1623418056959631
2022-11-19,0.0,0.5500101280231277
2022-11-20,0.0,0.5500101280231277
2022-11-21,0.0,0.5500101280231277
2022-11-22,0.0,0.5500101280231277
2022-11-23,-2.028836488723755,-3.2325196852569174
2022-11-24,0.0,0.5500101280231277
2022-11-25,0.0,0.5500101280231277
2022-11-26,0.0,0.5500101280231277
2022-11-27,0.0,0.5500101280231277
2022-11-28,0.0,0.5500101280231277
2022-11-29,-0.8611820340156555,-1.0555636756964972
2022-11-30,-1.5865530371665955,-2.4079335982392642
2022-12-01,0.0,0.5500101280231277
2022-12-02,0.0,0.5500101280231277
2022-12-03,0.0,0.5500101280231277
2022-12-04,0.0,0.5500101280231277
2022-12-05,0.0,0.5500101280231277
2022-12-06,0.0,0.5500101280231277
2022-12-07,-0.7352500557899475,-0.8207781398824612
2022-12-08,-1.7231000065803528,-2.662509551299669
2022-12-09,0.0,0.5500101280231277
2022-12-10,0.0,0.5500101280231277
2022-12-11,0.0,0.5500101280231277
2022-12-12,0.0,0.5500101280231277
2022-12-13,0.0,0.5500101280231277
2022-12-14,-0.5098385810852051,-0.4005246457911481
2022-12-15,0.0,0.5500101280231277
2022-12-16,0.0,0.5500101280231277
2022-12-17,-1.8335893750190735,-2.8685041361234287
2022-12-18,0.0,0.5500101280231277
2022-12-19,0.0,0.5500101280231277
2022-12-20,0.0,0.5500101280231277
2022-12-21,0.0,0.5500101280231277
2022-12-22,0.0,0.5500101280231277
2022-12-23,-0.6017333269119263,-0.5718517180837114
2022-12-24,-0.9436388611793518,-1.2092948456496557
2022-12-25,-0.9039496779441833,-1.1352989767434356
2022-12-26,0.0,0.5500101280231277
2022-12-27,0.0,0.5500101280231277
2022-12-28,0.0,0.5500101280231277
2022-12-29,0.0,0.5500101280231277
2022-12-30,-2.6575931906700134,-4.404763473078098
2022-12-31,0.0,0.5500101280231277
2023-01-01,0.0,0.5500101280231277
2023-01-02,0.0,0.5500101280231277
2023-01-03,-0.9039496779441833,-1.1352989767434356
2023-01-04,-1.3107904195785522,-1.8938062507608726
2023-01-05,0.0,0.5500101280231277
2023-01-06,0.0,0.5500101280231277
2023-01-07,0.0,0.5500101280231277
2023-01-08,0.0,0.5500101280231277
2023-01-09,0.0,0.5500101280231277
2023-01-10,-0.6123971939086914,-0.5917332585943964
2023-01-11,-1.5781494975090027,-2.3922661753253944
2023-01-12,0.0,0.5500101280231277
2023-01-13,0.0,0.5500101280231277
2023-01-14,0.0,0.5500101280231277
2023-01-15,0.0,0.5500101280231277
2023-01-16,0.0,0.5500101280231277
2023-01-17,0.0,0.5500101280231277
2023-01-18,-1.73680979013443,-2.6880698491921495
2023-01-19,0.0,0.5500101280231277
2023-01-20,0.0,0.5500101280231277
2023-01-21,-0.6782393455505371,-0.7144882972286101
2023-01-22,0.0,0.5500101280231277
2023-01-23,0.0,0.5500101280231277
2023-01-24,0.0,0.5500101280231277
2023-01-25,0.0,0.5500101280231277
2023-01-26,0.0,0.5500101280231277
2023-01-27,0.0,0.5500101280231277
2023-01-28,-1.5272623896598816,-2.2973930775569396
2023-01-29,0.0,0.5500101280231277
2023-01-30,-0.8865231871604919,-1.1028093102293897
2023-01-31,0.0,0.5500101280231277
2023-02-01,0.0,0.5500101280231277
2023-02-02,-2.416290521621704,-3.9548826942315793
2023-02-03,0.0,0.5500101280231277
2023-02-04,0.0,0.5500101280231277
2023-02-05,0.0,0.5500101280231277
2023-02-06,0.0,0.5500101280231277
2023-02-07,0.0,0.5500101280231277
2023-02-08,0.0,0.5500101280231277
2023-02-09,0.0,0.5500101280231277
2023-02-10,-0.8348302245140076,-1.006433789859043
2023-02-11,0.0,0.5500101280231277
2023-02-12,0.0,0.5500101280231277
2023-02-13,0.0,0.5500101280231277
2023-02-14,0.0,0.5500101280231277
2023-02-15,0.0,0.5500101280231277
2023-02-16,-1.8713487386703491,-2.9389020807262876
2023-02-17,0.0,0.5500101280231277
2023-02-18,0.0,0.5500101280231277
2023-02-19,0.0,0.5500101280231277
2023-02-20,0.0,0.5500101280231277
2023-02-21,0.0,0.5500101280231277
2023-02-22,0.0,0.5500101280231277
2023-02-23,-2.588873863220215,-4.276644274575842
2023-02-24,0.0,0.5500101280231277
2023-02-25,0.0,0.5500101280231277
2023-02-26,0.0,0.5500101280231277
2023-02-27,0.0,0.5500101280231277
2023-02-28,-1.8550928235054016,-2.9085948163926076
2023-03-01,0.0,0.5500101280231277
2023-03-02,-0.5769278407096863,-0.5256047723025351
2023-03-03,0.0,0.5500101280231277
2023-03-04,0.0,0.5500101280231277
2023-03-05,0.0,0.5500101280231277
2023-03-06,0.0,0.5500101280231277
2023-03-07,0.0,0.5500101280231277
2023-03-08,0.0,0.5500101280231277
2023-03-09,-1.4177513718605042,-2.0932225137825475
2023-03-10,-0.9328585267066956,-1.189196165067662
2023-03-11,0.0,0.5500101280231277
2023-03-12,0.0,0.5500101280231277
2023-03-13,0.0,0.5500101280231277
2023-03-14,-0.9138597846031189,-1.1537752187168777
2023-03-15,0.0,0.5500101280231277
2023-03-16,0.0,0.5500101280231277
2023-03-17,-1.280993103981018,-1.8382526192928743
2023-03-18,0.0,0.5500101280231277
2023-03-19,0.0,0.5500101280231277
2023-03-20,0.0,0.5500101280231277
2023-03-21,0.0,0.5500101280231277
2023-03-22,0.0,0.5500101280231277
2023-03-23,0.0,0.5500101280231277
2023-03-24,0.0,0.5500101280231277
2023-03-25,0.0,0.5500101280231277
2023-03-26,0.0,0.5500101280231277
2023-03-27,-1.6736202239990234,-2.5702602479138523
2023-03-28,-0.549669623374939,-0.4747849944157488
2023-03-29,0.0,0.5500101280231277
2023-03-30,0.0,0.5500101280231277
2023-03-31,0.0,0.5500101280231277
2023-04-01,0.0,0.5500101280231277
2023-04-02,0.0,0.5500101280231277
2023-04-03,0.0,0.5500101280231277
2023-04-04,-1.5475133657455444,-2.335148668615057
2023-04-05,-0.603325366973877,-0.5748198917299044
2023-04-06,0.0,0.5500101280231277
2023-04-07,0.0,0.5500101280231277
2023-04-08,0.0,0.5500101280231277
2023-04-09,0.0,0.5500101280231277
2023-04-10,0.0,0.5500101280231277
2023-04-11,0.0,0.5500101280231277
2023-04-12,-0.8496169447898865,-1.0340019110925722
2023-04-13,-1.8534529209136963,-2.905537408622944
2023-04-14,0.0,0.5500101280231277
2023-04-15,0.0,0.5500101280231277
2023-04-16,0.0,0.5500101280231277
2023-04-17,0.0,0.5500101280231277
2023-04-18,-1.4667768478393555,-2.1846248153139545
2023-04-19,0.0,0.5500101280231277
2023-04-20,-0.8936467170715332,-1.116090303751571
2023-04-21,0.0,0.5500101280231277
2023-04-22,0.0,0.5500101280231277
2023-04-23,0.0,0.5500101280231277
2023-04-24,-1.322120189666748,-1.9149292901848962
2023-04-25,0.0,0.5500101280231277
2023-04-26,-0.8988890647888184,-1.1258640517309784
2023-04-27,0.0,0.5500101280231277
2023-04-28,0.0,0.5500101280231277
2023-04-29,0.0,0.5500101280231277
2023-04-30,0.0,0.5500101280231277
2023-05-01,-0.8553860187530518,-1.0447576789338817
2023-05-02,0.0,0.5500101280231277
2023-05-03,-0.9191443920135498,-1.1636277549821386
2023-05-04,-0.899665892124176,-1.127312356003941
2023-05-05,0.0,0.5500101280231277
2023-05-06,0.0,0.5500101280231277
2023-05-07,0.0,0.5500101280231277
2023-05-08,0.0,0.5500101280231277
2023-05-09,0.0,0.5500101280231277
2023-05-10,-0.7014394998550415,-0.7577422882807366
2023-05-11,-0.7653487324714661,-0.8768936240631198
2023-05-12,0.0,0.5500101280231277
2023-05-13,-0.8104876279830933,-0.9610498480664976
2023-05-14,0.0,0.5500101280231277
2023-05-15,0.0,0.5500101280231277
2023-05-16,0.0,0.5500101280231277
2023-05-17,0.0,0.5500101280231277
2023-05-18,-0.9422993659973145,-1.206797512577739
2023-05-19,0.0,0.5500101280231277
2023-05-20,0.0,0.5500101280231277
2023-05-21,-1.6575332880020142,-2.5402680255976553
2023-05-22,0.0,0.5500101280231277
2023-05-23,0.0,0.5500101280231277
2023-05-24,0.0,0.5500101280231277
2023-05-25,0.0,0.5500101280231277
2023-05-26,-1.4343955516815186,-2.1242536524378783
2023-05-27,0.0,0.5500101280231277
2023-05-28,0.0,0.5500101280231277
2023-05-29,-0.8936904072761536,-1.116171759059795
2023-05-30,0.0,0.5500101280231277
2023-05-31,0.0,0.5500101280231277
2023-06-01,0.0,0.5500101280231277
2023-06-02,-0.911781907081604,-1.149901257598198
2023-06-03,-0.4829988479614258,-0.3504850830735839
2023-06-04,-0.4829988479614258,-0.3504850830735839
2023-06-05,0.0,0.5500101280231277
2023-06-06,0.0,0.5500101280231277
2023-06-07,0.0,0.5500101280231277
2023-06-08,0.0,0.5500101280231277
2023-06-09,0.0,0.5500101280231277
2023-06-10,0.0,0.5500101280231277
2023-06-11,0.0,0.5500101280231277
2023-06-12,0.0,0.5500101280231277
2023-06-13,-1.4599129557609558,-2.171827886351968
2023-06-14,0.0,0.5500101280231277
2023-06-15,0.0,0.5500101280231277
2023-06-16,-0.9197693467140198,-1.1647929103801293
2023-06-17,0.0,0.5500101280231277
2023-06-18,0.0,0.5500101280231277
2023-06-19,0.0,0.5500101280231277
2023-06-20,0.0,0.5500101280231277
2023-06-21,0.0,0.5500101280231277
2023-06-22,-1.876955509185791,-2.9493552526545086
2023-06-23,0.0,0.5500101280231277
2023-06-24,0.0,0.5500101280231277
2023-06-25,0.0,0.5500101280231277
2023-06-26,-0.9351568222045898,-1.19348106988322
2023-06-27,0.0,0.5500101280231277
2023-06-28,-0.7518056035041809,-0.8516440342767703
2023-06-29,0.0,0.5500101280231277
2023-06-30,0.0,0.5500101280231277
2023-07-01,0.0,0.5500101280231277
2023-07-02,-0.9351568222045898,-1.19348106988322
2023-07-03,0.0,0.5500101280231277
2023-07-04,0.0,0.5500101280231277
2023-07-05,0.0,0.5500101280231277
2023-07-06,0.0,0.5500101280231277
2023-07-07,-0.8199289441108704,-0.9786520845840316
2023-07-08,-0.7672456502914429,-0.8804302068519665
2023-07-09,0.0,0.5500101280231277
2023-07-10,-0.860237181186676,-1.0538021074209656
2023-07-11,0.0,0.5500101280231277
2023-07-12,0.0,0.5500101280231277
2023-07-13,-0.8559017777442932,-1.045719251624279
2023-07-14,0.0,0.5500101280231277
2023-07-15,-1.941978931427002,-3.070583865485499
2023-07-16,0.0,0.5500101280231277
2023-07-17,0.0,0.5500101280231277
2023-07-18,0.0,0.5500101280231277
2023-07-19,0.0,0.5500101280231277
2023-07-20,-0.8334013819694519,-1.0037698790149194
2023-07-21,-0.81739741563797,-0.9739323439961952
2023-07-22,0.0,0.5500101280231277
2023-07-23,0.0,0.5500101280231277
2023-07-24,-0.8177077770233154,-0.9745109767246013
2023-07-25,0.0,0.5500101280231277
2023-07-26,0.0,0.5500101280231277
2023-07-27,0.0,0.5500101280231277
2023-07-28,0.0,0.5500101280231277
2023-07-29,-0.8979078531265259,-1.1240346966368702
2023-07-30,0.0,0.5500101280231277
2023-07-31,-0.8686525225639343,-1.0694915332693897
2023-08-01,0.0,0.5500101280231277
2023-08-02,-0.4531376361846924,-0.2948123246063822
2023-08-03,0.0,0.5500101280231277
2023-08-04,0.0,0.5500101280231277
2023-08-05,0.0,0.5500101280231277
2023-08-06,0.0,0.5500101280231277
2023-08-07,0.0,0.5500101280231277
2023-08-08,-1.4974184036254883,-2.241752434484112
2023-08-09,-0.8378413915634155,-1.0120477608224283
2023-08-10,0.0,0.5500101280231277
2023-08-11,0.0,0.5500101280231277
2023-08-12,0.0,0.5500101280231277
2023-08-13,0.0,0.5500101280231277
2023-08-14,0.0,0.5500101280231277
2023-08-15,0.0,0.5500101280231277
2023-08-16,0.0,0.5500101280231277
2023-08-17,-0.865598738193512,-1.063798107264558
2023-08-18,-1.4303682446479797,-2.116745206584178
2023-08-19,0.0,0.5500101280231277
2023-08-20,0.0,0.5500101280231277
2023-08-21,-1.3722689151763916,-2.0084257599065882
2023-08-22,0.0,0.5500101280231277
2023-08-23,0.0,0.5500101280231277
2023-08-24,0.0,0.5500101280231277
2023-08-25,-0.9218100905418396,-1.1685976400431155
2023-08-26,0.0,0.5500101280231277
2023-08-27,0.0,0.5500101280231277
2023-08-28,0.0,0.5500101280231277
2023-08-29,-0.9259859919548035,-1.1763831228455222
2023-08-30,-1.6681210398674011,-2.560007658293058
2023-08-31,0.0,0.5500101280231277
2023-09-01,0.0,0.5500101280231277
2023-09-02,0.0,0.5500101280231277
2023-09-03,0.0,0.5500101280231277
2023-09-04,0.0,0.5500101280231277
2023-09-05,0.0,0.5500101280231277
2023-09-06,0.0,0.5500101280231277
2023-09-07,0.0,0.5500101280231277
2023-09-08,-0.8746276497840881,-1.0806314634579433
2023-09-09,0.0,0.5500101280231277
2023-09-10,-0.9321172833442688,-1.1878142029761585
2023-09-11,0.0,0.5500101280231277
2023-09-12,-0.6553963422775269,-0.6719001727615823
2023-09-13,0.0,0.5500101280231277
2023-09-14,0.0,0.5500101280231277
2023-09-15,0.0,0.5500101280231277
2023-09-16,-0.7665531635284424,-0.8791391457729147
2023-09-17,0.0,0.5500101280231277
2023-09-18,0.0,0.5500101280231277
2023-09-19,0.0,0.5500101280231277
2023-09-20,-1.5525249242782593,-2.3444921369854015
2023-09-21,0.0,0.5500101280231277
2023-09-22,-2.3558307886123657,-3.8421625495171905
2023-09-23,0.0,0.5500101280231277
2023-09-24,0.0,0.5500101280231277
2023-09-25,0.0,0.5500101280231277
2023-09-26,0.0,0.5500101280231277
2023-09-27,0.0,0.5500101280231277
2023-09-28,0.0,0.5500101280231277
2023-09-29,0.0,0.5500101280231277
2023-09-30,0.0,0.5500101280231277
2023-10-01,0.0,0.5500101280231277
2023-10-02,-0.700982928276062,-0.7568910636409074
2023-10-03,0.0,0.5500101280231277
2023-10-04,0.0,0.5500101280231277
2023-10-05,-0.6723554134368896,-0.7035183897161581
2023-10-06,-0.7733677625656128,-0.8918441735890604
2023-10-07,0.0,0.5500101280231277
2023-10-08,0.0,0.5500101280231277
2023-10-09,0.0,0.5500101280231277
2023-10-10,0.0,0.5500101280231277
2023-10-11,-0.7286462187767029,-0.808466053362195
2023-10-12,0.0,0.5500101280231277
2023-10-13,-1.617611289024353,-2.465838098800681
2023-10-14,0.0,0.5500101280231277
2023-10-15,0.0,0.5500101280231277
2023-10-16,-0.8991367816925049,-1.1263258911047553
2023-10-17,0.0,0.5500101280231277
2023-10-18,0.0,0.5500101280231277
2023-10-19,0.0,0.5500101280231277
2023-10-20,0.0,0.5500101280231277
2023-10-21,-1.8571805953979492,-2.9124872244160147
2023-10-22,0.0,0.5500101280231277
2023-10-23,0.0,0.5500101280231277
2023-10-24,-0.7900590300559998,-0.9229631017307443
2023-10-25,0.0,0.5500101280231277
2023-10-26,0.0,0.5500101280231277
2023-10-27,-0.707582414150238,-0.7691950379681309
2023-10-28,-0.4280167520046234,-0.24797735595553794
2023-10-29,0.0,0.5500101280231277
2023-10-30,0.0,0.5500101280231277
2023-10-31,0.0,0.5500101280231277
2023-11-01,-2.3965172171592712,-3.918017666393252
2023-11-02,0.0,0.5500101280231277
2023-11-03,0.0,0.5500101280231277
2023-11-04,0.0,0.5500101280231277
2023-11-05,0.0,0.5500101280231277
2023-11-06,0.0,0.5500101280231277
2023-11-07,0.0,0.5500101280231277
2023-11-08,0.0,0.5500101280231277
2023-11-09,0.0,0.5500101280231277
2023-11-10,-1.8326321840286255,-2.8667195647799537
2023-11-11,-0.9163160920143127,-1.1583547183784133
2023-11-12,0.0,0.5500101280231277
2023-11-13,0.0,0.5500101280231277
2023-11-14,0.0,0.5500101280231277
2023-11-15,0.0,0.5500101280231277
2023-11-16,0.0,0.5500101280231277
2023-11-17,-0.5805066227912903,-0.5322769955172383
2023-11-18,-1.3292869329452515,-1.9282908500078448
2023-11-19,0.0,0.5500101280231277
2023-11-20,0.0,0.5500101280231277
2023-11-21,0.0,0.5500101280231277
2023-11-22,0.0,0.5500101280231277
2023-11-23,0.0,0.5500101280231277
2023-11-24,0.0,0.5500101280231277
2023-11-25,0.0,0.5500101280231277
2023-11-26,0.0,0.5500101280231277
2023-11-27,0.0,0.5500101280231277
2023-11-28,0.0,0.5500101280231277
2023-11-29,0.0,0.5500101280231277
2023-11-30,-1.4638806581497192,-2.1792252062735757
2023-12-01,0.0,0.5500101280231277
2023-12-02,0.0,0.5500101280231277
2023-12-03,0.0,0.5500101280231277
2023-12-04,-0.9382088780403137,-1.199171273236021
2023-12-05,0.0,0.5500101280231277
2023-12-06,0.0,0.5500101280231277
2023-12-07,0.0,0.5500101280231277
2023-12-08,-1.7010565996170044,-2.6214121812116633
2023-12-09,0.0,0.5500101280231277
2023-12-10,0.0,0.5500101280231277
2023-12-11,0.0,0.5500101280231277
2023-12-12,0.0,0.5500101280231277
2023-12-13,0.0,0.5500101280231277
2023-12-14,0.0,0.5500101280231277
2023-12-15,-0.9172753691673279,-1.1601431791295114
2023-12-16,-0.6919875144958496,-0.7401201602213582
2023-12-17,-0.6547666192054749,-0.670726127289024
2023-12-18,0.0,0.5500101280231277
2023-12-19,-0.749082624912262,-0.8465673571950524
2023-12-20,0.0,0.5500101280231277
2023-12-21,-1.8871023654937744,-2.968272886830223
2023-12-22,0.0,0.5500101280231277
2023-12-23,0.0,0.5500101280231277
2023-12-24,0.0,0.5500101280231277
2023-12-25,0.0,0.5500101280231277
2023-12-26,0.0,0.5500101280231277
2023-12-27,-1.5053590536117554,-2.2565568534093514
2023-12-28,0.0,0.5500101280231277
2023-12-29,-0.8867594003677368,-1.1032497022982726
2023-12-30,0.0,0.5500101280231277
2023-12-31,0.0,0.5500101280231277
2024-01-01,0.0,0.5500101280231277
2024-01-02,0.0,0.5500101280231277
2024-01-03,0.0,0.5500101280231277
2024-01-04,-1.7603991031646729,-2.7320493814549085
2024-01-05,0.0,0.5500101280231277
2024-01-06,0.0,0.5500101280231277
2024-01-07,0.0,0.5500101280231277
2024-01-08,0.0,0.5500101280231277
2024-01-09,-0.5404564738273621,-0.45760814796626526
2024-01-10,0.0,0.5500101280231277
2024-01-11,0.0,0.5500101280231277
2024-01-12,-0.4637329876422882,-0.31456612585812677
2024-01-13,0.0,0.5500101280231277
2024-01-14,0.0,0.5500101280231277
2024-01-15,-0.5578484535217285,-0.49003347256562957
2024-01-16,-0.5227863192558289,-0.42466419864182486
2024-01-17,0.0,0.5500101280231277
2024-01-18,0.0,0.5500101280231277
2024-01-19,0.0,0.5500101280231277
2024-01-20,0.0,0.5500101280231277
2024-01-21,0.0,0.5500101280231277
2024-01-22,0.0,0.5500101280231277
2024-01-23,0.0,0.5500101280231277
2024-01-24,-0.8477612733840942,-1.0305422274487337
2024-01-25,-1.8815847635269165,-2.957985959296412
2024-01-26,0.0,0.5500101280231277
2024-01-27,0.0,0.5500101280231277
2024-01-28,0.0,0.5500101280231277
2024-01-29,0.0,0.5500101280231277
2024-01-30,0.0,0.5500101280231277
2024-01-31,0.0,0.5500101280231277
2024-02-01,-1.651067852973938,-2.528213973491708
2024-02-02,0.0,0.5500101280231277
2024-02-03,-0.9258440136909485,-1.1761184208752777
2024-02-04,0.0,0.5500101280231277
2024-02-05,0.0,0.5500101280231277
2024-02-06,-1.844797968864441,-2.889401256527508
2024-02-07,0.0,0.5500101280231277
2024-02-08,0.0,0.5500101280231277
2024-02-09,-0.961218535900116,-1.2420701058091796
2024-02-10,0.0,0.5500101280231277
2024-02-11,0.0,0.5500101280231277
2024-02-12,0.0,0.5500101280231277
2024-02-13,-0.8950483798980713,-1.1187035411706605
2024-02-14,0.0,0.5500101280231277
2024-02-15,-1.4130809903144836,-2.0845151302475005
2024-02-16,0.0,0.5500101280231277
2024-02-17,0.0,0.5500101280231277
2024-02-18,0.0,0.5500101280231277
2024-02-19,0.0,0.5500101280231277
2024-02-20,0.0,0.5500101280231277
2024-02-21,0.0,0.5500101280231277
2024-02-22,0.0,0.5500101280231277
2024-02-23,0.0,0.5500101280231277
2024-02-24,0.0,0.5500101280231277
2024-02-25,0.0,0.5500101280231277
2024-02-26,0.0,0.5500101280231277
2024-02-27,-1.5603801012039185,-2.3591372013240197
2024-02-28,0.0,0.5500101280231277
2024-02-29,0.0,0.5500101280231277
2024-03-01,-0.9163026809692383,-1.1583297150436924
2024-03-02,0.0,0.5500101280231277
2024-03-03,0.0,0.5500101280231277
2024-03-04,0.0,0.5500101280231277
2024-03-05,-0.7456886172294617,-0.8402396243698362
2024-03-06,-0.7141993641853333,-0.7815315721934576
2024-03-07,0.0,0.5500101280231277
2024-03-08,0.0,0.5500101280231277
2024-03-09,0.0,0.5500101280231277
2024-03-10,0.0,0.5500101280231277
2024-03-11,0.0,0.5500101280231277
2024-03-12,0.0,0.5500101280231277
2024-03-13,-2.8252865076065063,-4.717408170827552
2024-03-14,0.0,0.5500101280231277
2024-03-15,0.0,0.5500101280231277
2024-03-16,0.0,0.5500101280231277
2024-03-17,0.0,0.5500101280231277
2024-03-18,0.0,0.5500101280231277
2024-03-19,-0.5477374792098999,-0.4711827362010354
2024-03-20,-1.0232104361057281,-1.3576467981709746
2024-03-21,0.0,0.5500101280231277
2024-03-22,0.0,0.5500101280231277
2024-03-23,0.0,0.5500101280231277
2024-03-24,0.0,0.5500101280231277
2024-03-25,-0.4433269500732422,-0.2765214406876705
2024-03-26,-0.8291424512863159,-0.9958295977891076
2024-03-27,-0.8735805749893188,-1.0786793142088729
2024-03-28,0.0,0.5500101280231277
2024-03-29,0.0,0.5500101280231277
2024-03-30,0.0,0.5500101280231277
2024-03-31,0.0,0.5500101280231277
2024-04-01,-0.8921054005622864,-1.113216698273589
2024-04-02,0.0,0.5500101280231277
2024-04-03,0.0,0.5500101280231277
2024-04-04,-0.891210675239563,-1.111548586906947
2024-04-05,0.0,0.5500101280231277
2024-04-06,-0.6053344011306763,-0.5785655023970172
2024-04-07,0.0,0.5500101280231277
2024-04-08,0.0,0.5500101280231277
2024-04-09,-1.444377064704895,-2.1428630232779673
2024-04-10,0.0,0.5500101280231277
2024-04-11,0.0,0.5500101280231277
2024-04-12,0.0,0.5500101280231277
2024-04-13,0.0,0.5500101280231277
2024-04-14,-0.9077526926994324,-1.142389255714671
2024-04-15,0.0,0.5500101280231277
2024-04-16,0.0,0.5500101280231277
2024-04-17,0.0,0.5500101280231277
2024-04-18,0.0,0.5500101280231277
2024-04-19,-0.8528560996055603,-1.040040938746212
2024-04-20,-0.9433644413948059,-1.2087832218583014
2024-04-21,0.0,0.5500101280231277
2024-04-22,-0.9536446332931519,-1.2279494447441066
2024-04-23,0.0,0.5500101280231277
2024-04-24,0.0,0.5500101280231277
2024-04-25,-1.6247309446334839,-2.479111869137277
2024-04-26,-0.8416271209716797,-1.019105813273357
2024-04-27,0.0,0.5500101280231277
2024-04-28,0.0,0.5500101280231277
2024-04-29,0.0,0.5500101280231277
2024-04-30,0.0,0.5500101280231277
2024-05-01,0.0,0.5500101280231277
2024-05-02,0.0,0.5500101280231277
2024-05-03,-1.9053609371185303,-3.002313871356281
2024-05-04,0.0,0.5500101280231277
2024-05-05,0.0,0.5500101280231277
2024-05-06,0.0,0.5500101280231277
2024-05-07,-0.9692441821098328,-1.2570329903135826
2024-05-08,0.0,0.5500101280231277
2024-05-09,0.0,0.5500101280231277
2024-05-10,0.0,0.5500101280231277
2024-05-11,-0.8747540712356567,-1.0808671615599117
2024-05-12,0.0,0.5500101280231277
2024-05-13,-0.5584599375724792,-0.49117351350296745
2024-05-14,0.0,0.5500101280231277
2024-05-15,0.0,0.5500101280231277
2024-05-16,-0.5967568755149841,-0.5625737028873691
2024-05-17,0.0,0.5500101280231277
2024-05-18,0.0,0.5500101280231277
2024-05-19,0.0,0.5500101280231277
2024-05-20,0.0,0.5500101280231277
2024-05-21,0.0,0.5500101280231277
2024-05-22,0.0,0.5500101280231277
2024-05-23,-1.9440795183181763,-3.074500165584306
2024-05-24,0.0,0.5500101280231277
2024-05-25,-0.9269893169403076,-1.1782537056604367
2024-05-26,0.0,0.5500101280231277
2024-05-27,0.0,0.5500101280231277
2024-05-28,-2.210059881210327,-3.5703896362135934
2024-05-29,0.0,0.5500101280231277
2024-05-30,0.0,0.5500101280231277
2024-05-31,0.0,0.5500101280231277
2024-06-01,0.0,0.5500101280231277
2024-06-02,0.0,0.5500101280231277
2024-06-03,0.0,0.5500101280231277
2024-06-04,0.0,0.5500101280231277
2024-06-05,-0.924140989780426,-1.1729433307435282
2024-06-06,-0.7966625690460205,-0.9352746326213501
2024-06-07,0.0,0.5500101280231277
2024-06-08,0.0,0.5500101280231277
2024-06-09,-0.49820438027381897,-0.3788340306689618
2024-06-10,0.0,0.5500101280231277
2024-06-11,0.0,0.5500101280231277
2024-06-12,0.0,0.5500101280231277
2024-06-13,0.0,0.5500101280231277
2024-06-14,0.0,0.5500101280231277
2024-06-15,0.0,0.5500101280231277
2024-06-16,0.0,0.5500101280231277
2024-06-17,0.0,0.5500101280231277
2024-06-18,-1.8228830993175507,-2.84854352951206
2024-06-19,0.0,0.5500101280231277
2024-06-20,-1.6128665804862976,-2.456992141228315
2024-06-21,-0.9555687308311462,-1.2315367009579874
2024-06-22,0.0,0.5500101280231277
2024-06-23,0.0,0.5500101280231277
2024-06-24,0.0,0.5500101280231277
2024-06-25,0.0,0.5500101280231277
2024-06-26,0.0,0.5500101280231277
2024-06-27,0.0,0.5500101280231277
2024-06-28,0.0,0.5500101280231277
2024-06-29,0.0,0.5500101280231277
2024-06-30,0.0,0.5500101280231277
2024-07-01,0.0,0.5500101280231277
2024-07-02,0.0,0.5500101280231277
2024-07-03,0.0,0.5500101280231277
2024-07-04,-1.9658961296081543,-3.115174701500699
2024-07-05,0.0,0.5500101280231277
2024-07-06,-0.9039387702941895,-1.1352786406978626
2024-07-07,0.0,0.5500101280231277
2024-07-08,-0.9069380164146423,-1.1408703864748295
2024-07-09,0.0,0.5500101280231277
2024-07-10,0.0,0.5500101280231277
2024-07-11,0.0,0.5500101280231277
2024-07-12,-0.9085476994514465,-1.1438714533969219
2024-07-13,0.0,0.5500101280231277
2024-07-14,0.0,0.5500101280231277
2024-07-15,0.0,0.5500101280231277
2024-07-16,-0.9570736289024353,-1.2343424084914612
2024-07-17,-1.2856123447418213,-1.8468646567781857
2024-07-18,0.0,0.5500101280231277
2024-07-19,0.0,0.5500101280231277
2024-07-20,0.0,0.5500101280231277
2024-07-21,0.0,0.5500101280231277
2024-07-22,0.0,0.5500101280231277
2024-07-23,-0.9317843914031982,-1.1871935646454213
2024-07-24,0.0,0.5500101280231277
2024-07-25,0.0,0.5500101280231277
2024-07-26,-0.9467899203300476,-1.2151696291756626
2024-07-27,0.0,0.5500101280231277
2024-07-28,-0.9160608053207397,-1.1578787660112606
2024-07-29,0.0,0.5500101280231277
2024-07-30,-0.9418962597846985,-1.2060459678989968
2024-07-31,0.0,0.5500101280231277
2024-08-01,0.0,0.5500101280231277
2024-08-02,-0.722739040851593,-0.7974528067362269
2024-08-03,-0.7928421497344971,-0.9281519048779435
2024-08-04,0.0,0.5500101280231277
2024-08-05,0.0,0.5500101280231277
2024-08-06,0.0,0.5500101280231277
2024-08-07,0.0,0.5500101280231277
2024-08-08,0.0,0.5500101280231277
2024-08-09,-0.6813153624534607,-0.7202231732061123
2024-08-10,-0.9294632077217102,-1.1828659874719396
2024-08-11,0.0,0.5500101280231277
2024-08-12,-0.9272474050521851,-1.1787348809463976
2024-08-13,0.0,0.5500101280231277
2024-08-14,0.0,0.5500101280231277
2024-08-15,0.0,0.5500101280231277
2024-08-16,0.0,0.5500101280231277
2024-08-17,-1.728034794330597,-2.671709889469479
2024-08-18,0.0,0.5500101280231277
2024-08-19,0.0,0.5500101280231277
2024-08-20,0.0,0.5500101280231277
2024-08-21,-0.9293866753578186,-1.1827233017751329
2024-08-22,0.0,0.5500101280231277
2024-08-23,-0.5374017953872681,-0.4519130550724522
2024-08-24,-0.4637576937675476,-0.3146121875569791
2024-08-25,-0.9279230237007141,-1.179994493386667
2024-08-26,0.0,0.5500101280231277
2024-08-27,0.0,0.5500101280231277
2024-08-28,0.0,0.5500101280231277
2024-08-29,0.0,0.5500101280231277
2024-08-30,0.0,0.5500101280231277
2024-08-31,0.0,0.5500101280231277
2024-09-01,-0.8291876912117004,-0.9959139423715659
2024-09-02,-0.8921905159950256,-1.1133753861046172
2024-09-03,0.0,0.5500101280231277
2024-09-04,0.0,0.5500101280231277
2024-09-05,-0.7887537479400635,-0.9205295549438487
2024-09-06,0.0,0.5500101280231277
2024-09-07,0.0,0.5500101280231277
2024-09-08,-1.551062524318695,-2.34176566224151
2024-09-09,0.0,0.5500101280231277
2024-09-10,0.0,0.5500101280231277
2024-09-11,0.0,0.5500101280231277
2024-09-12,0.0,0.5500101280231277
2024-09-13,-0.8946096301078796,-1.117885543184527
2024-09-14,0.0,0.5500101280231277
2024-09-15,0.0,0.5500101280231277
2024-09-16,-2.6619577407836914,-4.412900669455577
2024-09-17,0.0,0.5500101280231277
2024-09-18,0.0,0.5500101280231277
2024-09-19,0.0,0.5500101280231277
2024-09-20,0.0,0.5500101280231277
2024-09-21,0.0,0.5500101280231277
2024-09-22,0.0,0.5500101280231277
2024-09-23,0.0,0.5500101280231277
2024-09-24,0.0,0.5500101280231277
2024-09-25,-1.6754159331321716,-2.573608138870006
2024-09-26,0.0,0.5500101280231277
2024-09-27,-0.8376191258430481,-1.011633372221655
2024-09-28,0.0,0.5500101280231277
2024-09-29,0.0,0.5500101280231277
2024-09-30,0.0,0.5500101280231277
2024-10-01,0.0,0.5500101280231277
2024-10-02,-0.6487568616867065,-0.6595216329339246
2024-10-03,0.0,0.5500101280231277
2024-10-04,0.0,0.5500101280231277
2024-10-05,0.0,0.5500101280231277
2024-10-06,0.0,0.5500101280231277
2024-10-07,-1.4244312644004822,-2.105676396992164
2024-10-08,0.0,0.5500101280231277
2024-10-09,0.0,0.5500101280231277
2024-10-10,0.0,0.5500101280231277
2024-10-11,-0.8610010743141174,-1.0552262973666642
2024-10-12,0.0,0.5500101280231277
2024-10-13,0.0,0.5500101280231277
2024-10-14,0.0,0.5500101280231277
2024-10-15,-0.9634708166122437,-1.2462692214051623
2024-10-16,-0.6565874218940735,-0.6741208022625884
2024-10-17,0.0,0.5500101280231277
2024-10-18,0.0,0.5500101280231277
2024-10-19,-0.4629126191139221,-0.3130366440917704
2024-10-20,0.0,0.5500101280231277
2024-10-21,0.0,0.5500101280231277
2024-10-22,0.0,0.5500101280231277
2024-10-23,-0.8330024480819702,-1.0030261131514238
2024-10-24,-0.7479463219642639,-0.8444488524256393
2024-10-25,0.0,0.5500101280231277
2024-10-26,-0.5497788190841675,-0.4749885771233424
2024-10-27,0.0,0.5500101280231277
2024-10-28,-1.2973487377166748,-1.8687457973109447
2024-10-29,0.0,0.5500101280231277
2024-10-30,0.0,0.5500101280231277
2024-10-31,0.0,0.5500101280231277
2024-11-01,0.0,0.5500101280231277
2024-11-02,0.0,0.5500101280231277
2024-11-03,0.0,0.5500101280231277
2024-11-04,-1.823194146156311,-2.849123440188685
2024-11-05,0.0,0.5500101280231277
2024-11-06,0.0,0.5500101280231277
2024-11-07,-0.8051849007606506,-0.9511635295178805
2024-11-08,0.0,0.5500101280231277
2024-11-09,0.0,0.5500101280231277
2024-11-10,0.0,0.5500101280231277
2024-11-11,0.0,0.5500101280231277
2024-11-12,0.0,0.5500101280231277
2024-11-13,-0.5485734343528748,-0.472741277398634
2024-11-14,-0.5155657529830933,-0.4112022921021966
2024-11-15,-0.8718726634979248,-1.075495111750692
2024-11-16,0.0,0.5500101280231277
2024-11-17,0.0,0.5500101280231277
2024-11-18,0.0,0.5500101280231277
2024-11-19,0.0,0.5500101280231277
2024-11-20,-0.5225342512130737,-0.4241942470750053
2024-11-21,-0.6870023608207703,-0.7308259206389304
2024-11-22,0.0,0.5500101280231277
2024-11-23,0.0,0.5500101280231277
2024-11-24,0.0,0.5500101280231277
2024-11-25,-0.9634595513343811,-1.2462482186039967
2024-11-26,0.0,0.5500101280231277
2024-11-27,0.0,0.5500101280231277
2024-11-28,0.0,0.5500101280231277
2024-11-29,-1.6988167762756348,-2.6172362909354883
2024-11-30,0.0,0.5500101280231277
2024-12-01,0.0,0.5500101280231277
2024-12-02,-0.9349784255027771,-1.193148469968467
2024-12-03,0.0,0.5500101280231277
2024-12-04,0.0,0.5500101280231277
2024-12-05,0.0,0.5500101280231277
2024-12-06,0.0,0.5500101280231277
2024-12-07,0.0,0.5500101280231277
2024-12-08,-0.747688889503479,-0.8439688995249314
2024-12-09,0.0,0.5500101280231277
2024-12-10,-0.8850197792053223,-1.1000063808442182
2024-12-11,-0.5983298420906067,-0.5655063162352925
2024-12-12,0.0,0.5500101280231277
2024-12-13,-1.3037799894809723,-1.8807361186948368
2024-12-14,0.0,0.5500101280231277
2024-12-15,0.0,0.5500101280231277
2024-12-16,-0.7010700702667236,-0.7570535297536268
2024-12-17,0.0,0.5500101280231277
2024-12-18,0.0,0.5500101280231277
2024-12-19,0.0,0.5500101280231277
2024-12-20,0.0,0.5500101280231277
2024-12-21,-0.7559824585914612,-0.8594312950940904
2024-12-22,0.0,0.5500101280231277
2024-12-23,0.0,0.5500101280231277
2024-12-24,0.0,0.5500101280231277
2024-12-25,0.0,0.5500101280231277
2024-12-26,-0.7624308466911316,-0.8714535651834593
2024-12-27,-0.9155369400978088,-1.1569020801940988
2024-12-28,0.0,0.5500101280231277
2024-12-29,0.0,0.5500101280231277
2024-12-30,0.0,0.5500101280231277
2024-12-31,-0.8680018782615662,-1.068278482594667
2025-01-01,0.0,0.5500101280231277
2025-01-02,-0.9318817853927612,-1.1873751444184606
2025-01-03,-0.8747736811637878,-1.0809037219915703
2025-01-04,0.0,0.5500101280231277
2025-01-05,0.0,0.5500101280231277
2025-01-06,-0.5335613489151001,-0.4447529890158625
2025-01-07,-0.4787379801273346,-0.34254119025497914
2025-01-08,0.0,0.5500101280231277
2025-01-09,0.0,0.5500101280231277
2025-01-10,-0.5606898069381714,-0.4953308457484833
2025-01-11,0.0,0.5500101280231277
2025-01-12,0.0,0.5500101280231277
2025-01-13,0.0,0.5500101280231277
2025-01-14,-2.4124380350112915,-3.9477001807367067
2025-01-15,0.0,0.5500101280231277
2025-01-16,0.0,0.5500101280231277
2025-01-17,0.0,0.5500101280231277
2025-01-18,0.0,0.5500101280231277
2025-01-19,0.0,0.5500101280231277
2025-01-20,0.0,0.5500101280231277
2025-01-21,0.0,0.5500101280231277
2025-01-22,-0.8342142105102539,-1.005285303350866
2025-01-23,0.0,0.5500101280231277
2025-01-24,0.0,0.5500101280231277
2025-01-25,0.0,0.5500101280231277
2025-01-26,0.0,0.5500101280231277
2025-01-27,-0.8570302724838257,-1.047823198896588
2025-01-28,-0.8570302724838257,-1.047823198896588
2025-01-29,0.0,0.5500101280231277
2025-01-30,0.0,0.5500101280231277
2025-01-31,0.0,0.5500101280231277
2025-02-01,0.0,0.5500101280231277
2025-02-02,0.0,0.5500101280231277
2025-02-03,-0.9163417220115662,-1.158402502529213
2025-02-04,-0.6997023224830627,-0.7545035229898982
2025-02-05,-0.6534997224807739,-0.6683641456023961
2025-02-06,0.0,0.5500101280231277
2025-02-07,-0.9288290143013,-1.1816836075544745
2025-02-08,0.0,0.5500101280231277
2025-02-09,-0.6953331828117371,-0.7463577699156473
2025-02-10,0.0,0.5500101280231277
2025-02-11,0.0,0.5500101280231277
2025-02-12,-0.8759555816650391,-1.083107238099034
2025-02-13,0.0,0.5500101280231277
2025-02-14,0.0,0.5500101280231277
2025-02-15,0.0,0.5500101280231277
2025-02-16,0.0,0.5500101280231277
2025-02-17,0.0,0.5500101280231277
2025-02-18,-2.30119788646698,-3.740305853672309
2025-02-19,0.0,0.5500101280231277
2025-02-20,0.0,0.5500101280231277
2025-02-21,0.0,0.5500101280231277
2025-02-22,0.0,0.5500101280231277
2025-02-23,0.0,0.5500101280231277
2025-02-24,0.0,0.5500101280231277
2025-02-25,0.0,0.5500101280231277
2025-02-26,0.0,0.5500101280231277
2025-02-27,0.0,0.5500101280231277
2025-02-28,-2.0078673362731934,-3.193425137843016
2025-03-01,0.0,0.5500101280231277
2025-03-02,0.0,0.5500101280231277
2025-03-03,0.0,0.5500101280231277
2025-03-04,0.0,0.5500101280231277
2025-03-05,-1.6504800915718079,-2.527118160675343
2025-03-06,0.0,0.5500101280231277
2025-03-07,0.0,0.5500101280231277
2025-03-08,-0.5762937068939209,-0.5244225035110021
2025-03-09,0.0,0.5500101280231277
2025-03-10,0.0,0.5500101280231277
2025-03-11,0.0,0.5500101280231277
2025-03-12,0.0,0.5500101280231277
2025-03-13,-0.9452423453330994,-1.2122843554748106
2025-03-14,-0.4726211726665497,-0.3311371137258414
2025-03-15,0.0,0.5500101280231277
2025-03-16,0.0,0.5500101280231277
2025-03-17,0.0,0.5500101280231277
2025-03-18,0.0,0.5500101280231277
2025-03-19,0.0,0.5500101280231277
2025-03-20,0.0,0.5500101280231277
2025-03-21,-0.8401164412498474,-1.0162893265244703
2025-03-22,0.0,0.5500101280231277
2025-03-23,0.0,0.5500101280231277
2025-03-24,0.0,0.5500101280231277
2025-03-25,-1.092027485370636,-1.4859481876388954
2025-03-26,0.0,0.5500101280231277
2025-03-27,0.0,0.5500101280231277
2025-03-28,0.0,0.5500101280231277
2025-03-29,0.0,0.5500101280231277
2025-03-30,0.0,0.5500101280231277
2025-03-31,-0.9181618094444275,-1.1617958439915923
2025-04-01,-0.8831008672714233,-1.0964287925864293
2025-04-02,-0.590526282787323,-0.5509574869538666
2025-04-03,0.0,0.5500101280231277
2025-04-04,0.0,0.5500101280231277
2025-04-05,0.0,0.5500101280231277
2025-04-06,0.0,0.5500101280231277
2025-04-07,-0.7878490090370178,-0.9188427744206152
2025-04-08,-0.9111355543136597,-1.1486962079905858
2025-04-09,-0.9291053414344788,-1.1821987873756556
2025-04-10,0.0,0.5500101280231277
2025-04-11,0.0,0.5500101280231277
2025-04-12,0.0,0.5500101280231277
2025-04-13,0.0,0.5500101280231277
2025-04-14,-0.8964611291885376,-1.1213374480131189
2025-04-15,-0.8770049810409546,-1.0850637212594563
2025-04-16,0.0,0.5500101280231277
2025-04-17,0.0,0.5500101280231277
2025-04-18,-0.9166979193687439,-1.1590665910993982
2025-04-19,0.0,0.5500101280231277
2025-04-20,0.0,0.5500101280231277
2025-04-21,0.0,0.5500101280231277
2025-04-22,0.0,0.5500101280231277
2025-04-23,0.0,0.5500101280231277
2025-04-24,-0.9343081116676331,-1.1918987477361536
2025-04-25,-0.9395785331726074,-1.2017248360295765
2025-04-26,-0.8515684008598328,-1.0376401741092836
2025-04-27,0.0,0.5500101280231277
2025-04-28,0.0,0.5500101280231277
2025-04-29,0.0,0.5500101280231277
2025-04-30,-0.8955492377281189,-1.1196373323780344
2025-05-01,-0.9048100709915161,-1.136903079573192
2025-05-02,0.0,0.5500101280231277
2025-05-03,0.0,0.5500101280231277
2025-05-04,-0.8607146739959717,-1.0546923372629593
2025-05-05,0.0,0.5500101280231277
2025-05-06,-0.809906005859375,-0.9599654812211382
2025-05-07,-0.9044446349143982,-1.1362217664835323
2025-05-08,0.0,0.5500101280231277
2025-05-09,0.0,0.5500101280231277
2025-05-10,0.0,0.5500101280231277
2025-05-11,0.0,0.5500101280231277
2025-05-12,-0.561366856098175,-0.496593125211123
2025-05-13,0.0,0.5500101280231277
2025-05-14,-1.7356734871864319,-2.6859513444227363
2025-05-15,0.0,0.5500101280231277
2025-05-16,0.0,0.5500101280231277
2025-05-17,0.0,0.5500101280231277
2025-05-18,-0.6917087435722351,-0.7396004242369612
2025-05-19,0.0,0.5500101280231277
2025-05-20,0.0,0.5500101280231277
2025-05-21,0.0,0.5500101280231277
2025-05-22,0.0,0.5500101280231277
2025-05-23,-0.9086588025093079,-1.1440785921343426
2025-05-24,0.0,0.5500101280231277
2025-05-25,0.0,0.5500101280231277
2025-05-26,0.0,0.5500101280231277
2025-05-27,-0.8959280848503113,-1.120343648802415
2025-05-28,-0.5251803994178772,-0.42912768283025576
2025-05-29,0.0,0.5500101280231277
2025-05-30,0.0,0.5500101280231277
2025-05-31,0.0,0.5500101280231277
2025-06-01,0.0,0.5500101280231277
2025-06-02,-0.738336980342865,-0.8265333519055363
2025-06-03,0.0,0.5500101280231277
2025-06-04,-1.4618799090385437,-2.1754950421110237
2025-06-05,0.0,0.5500101280231277
2025-06-06,0.0,0.5500101280231277
2025-06-07,-0.5975589752197266,-0.564069124555539
2025-06-08,0.0,0.5500101280231277
2025-06-09,-0.656614363193512,-0.6741710311838943
2025-06-10,-0.5290635824203491,-0.43636742618015584
2025-06-11,0.0,0.5500101280231277
2025-06-12,0.0,0.5500101280231277
2025-06-13,0.0,0.5500101280231277
2025-06-14,0.0,0.5500101280231277
2025-06-15,0.0,0.5500101280231277
2025-06-16,0.0,0.5500101280231277
2025-06-17,0.0,0.5500101280231277
2025-06-18,0.0,0.5500101280231277
2025-06-19,0.0,0.5500101280231277
2025-06-20,0.0,0.5500101280231277
2025-06-21,0.0,0.5500101280231277
2025-06-22,0.0,0.5500101280231277
2025-06-23,0.0,0.5500101280231277
2025-06-24,0.0,0.5500101280231277
2025-06-25,0.0,0.5500101280231277
2025-06-26,0.0,0.5500101280231277
2025-06-27,0.0,0.5500101280231277
2025-06-28,0.0,0.5500101280231277
2025-06-29,0.0,0.5500101280231277
2025-06-30,0.0,0.5500101280231277
2025-07-01,0.0,0.5500101280231277
2025-07-02,-2.0566629767417908,-3.2843989377802743
2025-07-03,0.0,0.5500101280231277
2025-07-04,0.0,0.5500101280231277
2025-07-05,0.0,0.5500101280231277
2025-07-06,0.0,0.5500101280231277
2025-07-07,0.0,0.5500101280231277
2025-07-08,0.0,0.5500101280231277
2025-07-09,-0.8042975664138794,-0.9495091977668182
2025-07-10,0.0,0.5500101280231277
2025-07-11,0.0,0.5500101280231277
2025-07-12,0.0,0.5500101280231277
2025-07-13,0.0,0.5500101280231277
2025-07-14,-0.4478299021720886,-0.28491667147946925
2025-07-15,-0.8451122641563416,-1.0256034576487427
2025-07-16,0.0,0.5500101280231277
2025-07-17,-0.5389561653137207,-0.45481099712956274
2025-07-18,-0.4934863746166229,-0.37003785751417295
2025-07-19,-0.8400242924690247,-1.0161175258334552
2025-07-20,0.0,0.5500101280231277
2025-07-21,0.0,0.5500101280231277
2025-07-22,0.0,0.5500101280231277
2025-07-23,0.0,0.5500101280231277
2025-07-24,0.0,0.5500101280231277
2025-07-25,0.0,0.5500101280231277
2025-07-26,0.0,0.5500101280231277
2025-07-27,0.0,0.5500101280231277
2025-07-28,-0.9201762080192566,-1.1655514559925935
2025-07-29,-0.912155032157898,-1.1505969059330976
2025-07-30,-0.9371554851531982,-1.1972073446381486
2025-07-31,0.0,0.5500101280231277
2025-08-01,0.0,0.5500101280231277
2025-08-02,0.0,0.5500101280231277
2025-08-03,0.0,0.5500101280231277
2025-08-04,0.0,0.5500101280231277
2025-08-05,-0.91254723072052,-1.1513281145662668
2025-08-06,0.0,0.5500101280231277
2025-08-07,0.0,0.5500101280231277
2025-08-08,-1.3952339887619019,-2.0512414702825414
2025-08-09,0.0,0.5500101280231277
2025-08-10,0.0,0.5500101280231277
2025-08-11,-0.8049605488777161,-0.9507452515094841
2025-08-12,-0.9169665575027466,-1.1595674356753396
2025-08-13,0.0,0.5500101280231277
2025-08-14,0.0,0.5500101280231277
2025-08-15,0.0,0.5500101280231277
2025-08-16,-0.601035475730896,-0.5705506556707713
2025-08-17,0.0,0.5500101280231277
2025-08-18,-0.8036471009254456,-0.9482964804698918
2025-08-19,0.0,0.5500101280231277
2025-08-20,0.0,0.5500101280231277
2025-08-21,-1.554188311100006,-2.3475933283723096
2025-08-22,0.0,0.5500101280231277
2025-08-23,0.0,0.5500101280231277
2025-08-24,0.0,0.5500101280231277
2025-08-25,0.0,0.5500101280231277
2025-08-26,-1.814091444015503,-2.8321525100913694
2025-08-27,0.0,0.5500101280231277
2025-08-28,0.0,0.5500101280231277
2025-08-29,0.0,0.5500101280231277
2025-08-30,-0.9650968313217163,-1.249300736832648
2025-08-31,0.0,0.5500101280231277
2025-09-01,0.0,0.5500101280231277
2025-09-02,0.0,0.5500101280231277
2025-09-03,0.0,0.5500101280231277
2025-09-04,0.0,0.5500101280231277
2025-09-05,0.0,0.5500101280231277
2025-09-06,0.0,0.5500101280231277
2025-09-07,0.0,0.5500101280231277
2025-09-08,-0.9469424486160278,-1.2154540004358876
2025-09-09,-1.8241608142852783,-2.850925680555363
2025-09-10,0.0,0.5500101280231277
2025-09-11,-0.8837628364562988,-1.0976629571882497
2025-09-12,-1.2889545559883118,-1.8530958211684134
